"","Starter OLS","Starter Probit","Starter Logit","Player OLS","Player Probit","Player Logit","Attempt OLS","Attempt Probit","Attempt Logit"
"ydstogo",1.82608731692667,1.76211619151236,1.76081167875772,1.83935852340032,1.76376463837733,1.75844664739877,1.13118478133397,NA,NA
"posteam_timeouts_remaining",1.68349194486587,1.67953651929604,1.67941978311002,1.68971146013947,1.68448376148265,1.68302563419818,1.45494111100247,NA,NA
"defteam_timeouts_remaining",1.58000235728959,1.56785355969715,1.56840440037986,1.58347879494454,1.57241705125203,1.57307825385695,1.51736680540625,NA,NA
"rush_attempt",2.02485171096274,1.99248568645533,1.97753002541841,2.00884977911082,1.98088895638137,1.96805490489514,NA,NA,NA
"week",2.08855872087919,2.0899809107162,2.09454360955217,2.05076696309404,2.04807522939673,2.04771901007723,1.57108564052323,NA,NA
"temp",2.31122640500928,2.31065935977622,2.31496608890524,2.25513011676036,2.25642432794462,2.2613994093663,1.85934541334735,NA,NA
"wind",2.29331035139756,2.29753540987517,2.30503051462188,2.24289738577131,2.25088534826187,2.25975713162835,1.8354092054504,NA,NA
"vegas_wp",2.39175623860804,2.44344927804004,2.45208826828475,2.40684506032118,2.44934612574853,2.45332870161185,7.23896870834465,NA,NA
"spread_line",3.18606967773765,3.22606430174404,3.23578940017115,3.06555995255212,3.10408163728337,3.11528447875887,1.05726819837605,NA,NA
"total_line",3.61937105575682,3.60031840218368,3.60604409217438,3.28814853313043,3.28604202588613,3.2937755729497,2.17246458194859,NA,NA
"prep_days",1.22484548889723,1.22327064201195,1.22441784392389,1.21515764260338,1.21598595313706,1.21803315692556,1.0388746489833,NA,NA
"overall_win_pct",3.55967846025293,3.58539787078015,3.60228182030484,3.54135559730281,3.56291366564999,3.57931293713541,3.68532582539452,NA,NA
"team_win_pct",4.5188983087061,4.52962638766061,4.53796356254965,4.45219068416024,4.48248961122675,4.48572042923627,4.43308446744695,NA,NA
"prev_win_pct",2.42832251619461,2.43747213192402,2.4467438313121,2.35210114459594,2.37097090590101,2.38369044780053,3.41986870343026,NA,NA
"prev_shotgun_rate",6.68147591817022,6.80820474036765,6.83377455823849,6.31910619431501,6.42556055142102,6.46299257080582,11.9826538037838,NA,NA
"prev_singleback_rate",3.94079265852107,3.97003027120382,3.9685077685439,3.6556264649032,3.69066040805648,3.70620736889568,7.85496488186143,NA,NA
"prev_empty_rate",2.69844585028615,2.7038846898358,2.71359523823886,2.62263374009082,2.6462850156019,2.66090564780424,3.35529687967162,NA,NA
"prev_iform_rate",4.07362223169803,4.15437007735142,4.17072223822216,3.92661170137654,4.00050168069128,4.02758461083675,5.52851489886077,NA,NA
"prev_stop_rate_run",2.55685522686899,2.56439217125133,2.57382733777917,2.60195581668099,2.60252986658318,2.6123828117902,1.49367493250004,NA,NA
"prev_stop_rate_pass",2.14366632403978,2.16548006891952,2.18291767475274,2.17649375637576,2.19185979167558,2.20568177662126,1.39652884592463,NA,NA
"shotgun_rate",4.83259888377147,4.83356324997862,4.85224025582113,4.78817871887113,4.76506262020554,4.77099207201124,5.08877907502311,NA,NA
"singleback_rate",2.97012558551288,2.99805568665633,3.01512638688246,2.96522199069858,2.96083776302389,2.96428366183326,3.69068945172118,NA,NA
"empty_rate",3.08438714295366,3.09978852994442,3.12034917236658,3.03690807377947,3.05020320742908,3.06696990943351,2.9786562844408,NA,NA
"iform_rate",2.4841578727814,2.50962543703019,2.52632527423572,2.42546353491756,2.43964874818649,2.44973997243094,2.59622635636147,NA,NA
"shotgun_success",1.69536186958852,1.71010226532957,1.72163381425349,1.6713699037478,1.68196717586194,1.68894201656256,1.46941891859574,NA,NA
"singleback_success",1.7660524628904,1.77323268677496,1.77934954784861,1.73136371002363,1.73764018979946,1.74454606575881,2.05055507840066,NA,NA
"empty_success",1.94406855482641,1.97485007169204,1.98654444100055,1.86994947651123,1.89607254059208,1.90222706879354,1.98253910950092,NA,NA
"iform_success",1.92874423174007,1.94436092240465,1.95522901538222,1.826777748739,1.83634551770034,1.84757540713866,1.74554753086556,NA,NA
"def_stop_rate_run",1.76942574293886,1.77611025157937,1.78357847582091,1.81446863810934,1.82150226125909,1.82623633954299,1.34517842671374,NA,NA
"def_stop_rate_pass",1.83496651852616,1.82787469216364,1.8287137493679,1.8587836966686,1.85297702764683,1.85597076183303,1.38894960879697,NA,NA
"avg_pass_rushers",2.47368820564849,2.47029491353393,2.46846850029879,2.47008962199922,2.4660736233243,2.46667846678385,1.5622159570602,NA,NA
"avg_box_defenders",2.31776167004306,2.33293775118464,2.33778647615648,2.36773088776631,2.37274662060051,2.37527508489343,1.48260757758756,NA,NA
"cover0_rate",2.64412655439644,2.63966848140795,2.64755594815034,2.68218635427778,2.69622918855117,2.70607318725206,1.73637047145089,NA,NA
"cover1_rate",6.28531485119499,6.17333457692117,6.16944216684811,6.29752985692908,6.24038482905312,6.23635331386142,1.96638644513753,NA,NA
"cover2_rate",3.456737743151,3.46858086927579,3.48476674480756,3.46546423192463,3.48418793477973,3.50514234001868,1.41709180839495,NA,NA
"cover3_rate",6.65443524805558,6.61535223368685,6.63502344585894,6.62863772319052,6.61279533646232,6.633823010558,1.63384743302034,NA,NA
"cover4_rate",3.77902681771787,3.78244734491114,3.79608547392476,3.6879496619025,3.70038383718089,3.71717936180561,1.52478352396096,NA,NA
"cover6_rate",3.12552377331521,3.13324548252071,3.14561368209563,3.0926550722209,3.10065741096819,3.11586827332109,1.47991133454665,NA,NA
"two_man_rate",1.82646381224192,1.82942346676063,1.83562363484724,1.82763453454846,1.82436641235106,1.82694158041862,1.35936543089257,NA,NA
"prevent_rate",1.52678085889086,1.53557614438628,1.5411469105939,1.53173095915875,1.54310158541371,1.55067247948314,1.21247201530066,NA,NA
"roof_outdoors",2.52195268003949,2.54295566363866,2.55667118795885,2.45967817240211,2.4908669146643,2.5060408527885,2.17387536436085,NA,NA
"posteam_type_home",1.24294409409534,1.24854061129148,1.25318284683907,1.22542882419143,1.23464074654807,1.24095985067309,1.06224213759486,NA,NA
"down1_pct",2.26283222697346,2.25775518917273,2.26113499390563,2.15746773555978,2.15563048608568,2.16077849671101,2.60017776564184,NA,NA
"down2_pct",2.2541598061588,2.27934697128046,2.29193233823171,2.18443524791179,2.20687507737349,2.22171761120521,2.35128608341023,NA,NA
"down3_pct",2.58076522815007,2.6200592791117,2.63425630014032,2.4676614444316,2.49068235254403,2.50031381388713,2.4528793711443,NA,NA
"down4_pct",2.40063536809331,2.41147317528648,2.42024864486195,2.31688129274834,2.31180236822455,2.31554337497605,2.20614829736418,NA,NA
"defteam_prev_game_off_4th_success",1.28087370728736,1.28920791620577,1.29531882590735,1.25818423559433,1.26728898057768,1.27392097146864,1.10776112402757,NA,NA
"defteam_prev_game_off_4th_fail",1.2858923342628,1.29013750324326,1.29264577884373,1.26813456035228,1.2712330938143,1.27495394195924,1.1019148622654,NA,NA
"offense_formation_EMPTY",4.03680345326006,4.11647447335126,4.18756593806447,4.04233836561374,4.1284393197244,4.1956569584493,NA,NA,NA
"offense_formation_SHOTGUN",7.40007387540791,7.56356395210173,7.69543371295804,7.42602590000003,7.60775890049206,7.73334434439485,NA,NA,NA
"offense_formation_SINGLEBACK",4.24670093917287,4.32380559324161,4.38363676935423,4.26111198236374,4.35262983415211,4.40829169093597,NA,NA,NA
"offense_formation_I_FORM",2.75553955435883,2.81168233193575,2.8449212911556,2.75149249733225,2.80863708458272,2.84115565080899,NA,NA,NA
"yardline_1_10",1.83890722724786,1.86371268441267,1.8715900008158,1.84656981367381,1.86990971633091,1.87641306710789,1.70120635707237,NA,NA
"yardline_11_20",1.49193180773064,1.4846461589672,1.48115387395236,1.49050118422195,1.48266010212971,1.47932092952858,1.72011194862347,NA,NA
"yardline_21_30",1.54153788468178,1.5391043881134,1.54044258473655,1.54691652196822,1.54210209559314,1.54205536947219,1.76137120870073,NA,NA
"yardline_41_50",1.70534814834478,1.69653578971877,1.69455484723767,1.70413240768568,1.69312393160695,1.68821533100616,1.89781072086056,NA,NA
"yardline_51_60",1.5677793435272,1.55659035457358,1.55476801223085,1.57703704033974,1.56112971827725,1.55550552147924,2.03333732160431,NA,NA
"yardline_61_70",1.54025818729064,1.53163652201109,1.52975685965312,1.54312173846472,1.53547994347346,1.53237216966448,2.19460579142519,NA,NA
"yardline_71_80",1.3730643731235,1.37069484364221,1.3748977490491,1.38302917623456,1.37568029609187,1.37936704052603,2.18033284849295,NA,NA
"yardline_81_90",1.23670713748872,1.22053237494279,1.21976295262241,1.2299143513094,1.21323859057814,1.21489923323468,1.65945144327423,NA,NA
"yardline_91_100",1.1478705675236,1.11233729649947,1.11410510793718,1.15204662161825,1.11190105609642,1.11319216496479,1.22954698603748,NA,NA
"year2017_team_ARI",2.46074577095419,2.5719341854218,2.62534053745012,2.37214068795722,2.39036653375566,2.39394282800341,NA,NA,NA
"year2017_team_BUF",2.54063365536089,2.51529574016783,2.45100895378886,2.46165742340711,2.41996172389595,2.35389049896248,NA,NA,NA
"year2017_team_CHI",3.30971139739236,3.3412315166494,3.34264063577007,3.18180030139888,3.21915855146928,3.22214883340561,NA,NA,NA
"year2017_team_CLE",2.94756880080981,3.0188642446409,3.03728507270914,2.72493431745263,2.7508408893579,2.73410708418004,NA,NA,NA
"year2017_team_DAL",2.74364745122024,2.64626929788086,2.60583993092308,2.728126395295,2.67474765536993,2.65629020079755,NA,NA,NA
"year2017_team_DET",2.20206075995882,1.98404549818797,1.89451253911389,2.14363470798998,1.965421495068,1.90224462329938,NA,NA,NA
"year2017_team_GB",3.38416546139335,3.04119676615087,2.92024876631102,3.30096416853795,2.89449985778691,2.75912063201822,NA,NA,NA
"year2017_team_HOU",1.8179568642522,1.69471926303337,1.6583736438485,1.76854712024289,1.63137403258021,1.59820734813118,NA,NA,NA
"year2017_team_MIA",3.28044160830157,3.05981825258617,2.97671674604318,3.19206375801523,2.9797921233735,2.88420610268588,NA,NA,NA
"year2017_team_MIN",2.72308532286242,2.56086350598877,2.49693614473273,2.61498048351552,2.49335732577733,2.43004088346246,NA,NA,NA
"year2017_team_NE",2.8742541350266,2.98100762497157,3.01213418295925,2.74114145589788,2.82507294653006,2.85988510875227,NA,NA,NA
"year2017_team_SF",2.08436053157091,1.73955487135427,1.6293332302271,2.05216365581321,1.6314066483123,1.5080655347882,NA,NA,NA
"year2017_team_BAL",2.56149670782653,2.45878321334,2.45151895756412,2.46586483246633,2.41457762908302,2.39405989886325,NA,NA,NA
"year2017_team_DEN",2.89174853207157,2.8860580164279,2.9382757065821,2.75314725392656,2.74971990665187,2.77965833051539,NA,NA,NA
"year2017_team_LA",2.58325374213614,2.54905685562316,2.5471687582932,2.55106418475426,2.46197019263811,2.40954296865151,NA,NA,NA
"year2017_team_NYG",3.35326434257936,3.36937703886357,3.37979895245258,3.24039862173181,3.29825533257146,3.34873418170691,NA,NA,NA
"year2017_team_OAK",3.16964167249985,3.07326683259574,3.04198294520791,2.77348735594665,2.70741929572627,2.69019693471762,NA,NA,NA
"year2017_team_SEA",2.1772762059381,2.17092755699128,2.19378967927341,2.13957827723009,2.13557314657077,2.16784361192235,NA,NA,NA
"year2017_team_CAR",1.99570614672269,2.05870538700021,2.09091853517288,1.94957282647679,2.01672628048708,2.04294621134128,NA,NA,NA
"year2017_team_CIN",2.57517103896072,2.69697878021952,2.74231165248174,2.50861973764184,2.57760203400882,2.59023451017821,NA,NA,NA
"year2017_team_IND",3.09382429702329,3.16847731663577,3.18533276836484,2.86762274550357,2.93500633284791,2.95135247150216,NA,NA,NA
"year2017_team_NO",2.07518829831506,2.05738530965531,2.02915053099747,2.04246497402701,1.99020480237939,1.94253615478863,NA,NA,NA
"year2017_team_PHI",2.65210161265739,2.68709873633226,2.70757586181736,2.54683498308682,2.59731515147444,2.61864138015314,NA,NA,NA
"year2017_team_PIT",1.90010654709645,1.50690258573065,1.45047819017807,1.85278550108162,1.48687168653144,1.42485991013479,NA,NA,NA
"year2017_team_TEN",1.96230626094207,1.99526373252475,2.02141636295154,1.88244819022876,1.92362019618958,1.94643407515439,NA,NA,NA
"year2017_team_WAS",1.9449853469691,2.00654160408995,2.02667671619591,1.92712660528414,1.97961885088614,2.00278464885129,NA,NA,NA
"year2017_team_KC",2.1811052401951,2.14357273295449,2.12901281991697,2.13972931921106,2.16394720970658,2.17480156071812,NA,NA,NA
"year2017_team_LAC",2.27389710185872,2.32323603010363,2.34730796552162,2.21052573018256,2.28420105560462,2.31897427371287,NA,NA,NA
"year2017_team_NYJ",2.12947400738914,2.22006092815513,2.2605984191004,2.04463680282782,2.09619922521721,2.11710805963745,NA,NA,NA
"year2017_team_TB",1.89476308106483,1.93413538799162,1.94004396115428,1.86252949320087,1.91079982114549,1.926581799934,NA,NA,NA
"year2017_team_ATL",2.38448123752225,2.49653368144768,2.54202834470631,2.31687410682533,2.44501856312545,2.50746820032394,NA,NA,NA
"year2017_team_JAX",2.10653179770263,2.11726744381211,2.12877799908866,1.99067198355588,2.01394940231437,2.01674567867683,NA,NA,NA
"year2018_team_ARI",2.0244736921146,2.0488109349764,2.06945717581796,1.93331046408796,1.93969642451779,1.94276145842173,NA,NA,NA
"year2018_team_BAL",2.20194678081438,2.1764364157059,2.15873378499377,2.02438034849877,2.01325819295176,1.99687562012871,NA,NA,NA
"year2018_team_CAR",1.86664711767547,1.89496791641713,1.90084917673325,1.7827234990671,1.79814220481724,1.79564951736751,NA,NA,NA
"year2018_team_CLE",2.16890081883191,2.25485569233618,2.28925452872203,2.06534204946341,2.12414854401316,2.14448713577133,NA,NA,NA
"year2018_team_DET",1.92386381507334,1.87085540736051,1.84262207749408,1.8082676207165,1.7662091842602,1.73563808577449,NA,NA,NA
"year2018_team_HOU",1.71784263329476,1.71531388579956,1.71242805425983,1.73176041536999,1.71009302885765,1.69031420238609,NA,NA,NA
"year2018_team_IND",1.91610436064497,1.98934880080286,2.02714706612497,1.82059338070287,1.86735850668663,1.89322132205009,NA,NA,NA
"year2018_team_KC",1.95603579889284,1.76779471727613,1.69128221188719,1.83280917059072,1.64946508749537,1.57827673243075,NA,NA,NA
"year2018_team_NYG",1.60484110919984,1.58124487348177,1.54888655570482,1.5539604672738,1.52503479001709,1.49778422238136,NA,NA,NA
"year2018_team_OAK",1.76118838411249,1.84052633101364,1.87319323538372,1.58592443211398,1.63295347879468,1.6517055222406,NA,NA,NA
"year2018_team_PHI",2.05235758589398,2.13272166754458,2.16017376422257,2.00214196171987,2.04928342381792,2.06043887280749,NA,NA,NA
"year2018_team_SEA",1.5236659996039,1.57058993851678,1.59284145094525,1.44069888055391,1.47400755272932,1.49329605677342,NA,NA,NA
"year2018_team_BUF",1.59982090274041,1.6190570998288,1.62786378949411,1.57137501409639,1.59993444728613,1.61067500015852,NA,NA,NA
"year2018_team_CHI",2.16716625687602,2.19519636780554,2.19091250835029,2.05601247599561,2.0899523030552,2.0980057342883,NA,NA,NA
"year2018_team_CIN",1.64242705896079,1.71303451380571,1.74696738839479,1.59434081673207,1.64518833310748,1.66696592357034,NA,NA,NA
"year2018_team_DAL",1.97308268433447,1.96447432250562,1.95206681048994,1.84474457737504,1.81921219761558,1.80514242450923,NA,NA,NA
"year2018_team_DEN",1.82696620564578,1.8269400335794,1.81610892576734,1.71466676176582,1.68618144193458,1.66914824641884,NA,NA,NA
"year2018_team_GB",1.71460881289368,1.75906691238026,1.77408304771665,1.63861677701919,1.66505125792589,1.67598275919367,NA,NA,NA
"year2018_team_LAC",1.75097747785214,1.7601832849552,1.76650648276413,1.67332198648815,1.67556764811863,1.67564059443913,NA,NA,NA
"year2018_team_NE",1.6593366271791,1.68718133864938,1.70498084475667,1.60412967328589,1.63482330391994,1.65089535685028,NA,NA,NA
"year2018_team_NO",1.93414325975961,1.92798733069126,1.91538847118606,1.85647694937099,1.85317553097401,1.84699168467341,NA,NA,NA
"year2018_team_PIT",1.4999264523863,1.53689139113522,1.54612954399855,1.42904892067063,1.44003617368076,1.43840923272265,NA,NA,NA
"year2018_team_SF",1.56806531929356,1.5057961809639,1.48787175846065,1.49536900563987,1.43426560342723,1.41383932309034,NA,NA,NA
"year2018_team_MIA",1.75612996665924,1.72333100210687,1.70229007628664,1.70807742302063,1.70557890678428,1.69452830393157,NA,NA,NA
"year2018_team_MIN",1.78938278893232,1.86120751915184,1.89150273996859,1.72248052679498,1.76699179292797,1.77871011162032,NA,NA,NA
"year2018_team_NYJ",1.31306987246239,1.27913856270621,1.24516415493475,1.29126042328307,1.24895238722172,1.22356145638385,NA,NA,NA
"year2018_team_TB",1.70955438876689,1.74859303724841,1.75025148779104,1.65092933731684,1.66752997436839,1.66003923999578,NA,NA,NA
"year2018_team_ATL",2.1099929759082,2.19497564813174,2.2290667218306,1.97634986260971,2.0423387666218,2.0684728635236,NA,NA,NA
"year2018_team_JAX",1.88486952288433,1.92698561213615,1.9286846276422,1.77800305179472,1.80721132308811,1.80806632561828,NA,NA,NA
"year2018_team_LA",1.57320634869223,1.5981617344646,1.6181109970962,1.52595606800279,1.51926112458124,1.53148236127561,NA,NA,NA
"year2018_team_TEN",1.47407292631464,1.47541931103788,1.4659152973486,1.43835538992616,1.42737690513513,1.41569293785698,NA,NA,NA
"year2018_team_WAS",1.52838137812028,1.57348566052424,1.59459104298589,1.49818054898117,1.52115081177139,1.52883912226501,NA,NA,NA
"year2019_team_ARI",1.84413101944958,1.81934657912589,1.84215038520608,1.77955266756649,1.77731315241765,1.80175776832256,NA,NA,NA
"year2019_team_BUF",2.11955740995657,2.1543372448562,2.16541585000412,2.04306906021802,2.07338454208021,2.08776813143945,NA,NA,NA
"year2019_team_CHI",2.00900155632216,2.04179961289472,2.05461034252481,1.94021746583257,1.95810346721794,1.96911863540517,NA,NA,NA
"year2019_team_CLE",1.73479499169535,1.76221821442775,1.77494421732834,1.66719653980501,1.67768550890127,1.67558196289319,NA,NA,NA
"year2019_team_DAL",1.68482964083163,1.72171844421948,1.73993789667312,1.626529478133,1.65155957485679,1.66312228633143,NA,NA,NA
"year2019_team_IND",1.9763778822241,2.04845444387215,2.07356159208683,1.87834549480696,1.91417975208963,1.92163525581645,NA,NA,NA
"year2019_team_JAX",1.89706340588353,1.92216285255364,1.92605178449552,1.77395302532417,1.77835348320348,1.77231056471239,NA,NA,NA
"year2019_team_KC",1.8053432501115,1.8442521793432,1.86314012104693,1.74588576816677,1.75248417198229,1.75679111493791,NA,NA,NA
"year2019_team_LAC",1.82197137538606,1.8544400830391,1.85532456342604,1.75949030668721,1.76553122864784,1.75421687597123,NA,NA,NA
"year2019_team_MIN",1.95641230745875,2.01425563463578,2.04015536665641,1.84143338201562,1.87931526691254,1.89446427831298,NA,NA,NA
"year2019_team_NE",1.98024153934886,1.99701463673036,2.01096313956966,1.88333766209033,1.88178946560509,1.88184071861337,NA,NA,NA
"year2019_team_NO",1.96310725671045,2.02470736033002,2.03361169455955,1.86915175366406,1.9023380647074,1.89858074318721,NA,NA,NA
"year2019_team_PHI",2.04106547373022,2.09407701656896,2.10307170806313,1.94281898928588,1.95783307756987,1.95223062152466,NA,NA,NA
"year2019_team_SEA",1.49906996550223,1.49516008169292,1.4917074096688,1.45665266792222,1.47542696496347,1.47788208664169,NA,NA,NA
"year2019_team_SF",2.08901982483139,2.14720465682335,2.16834098318052,1.97946834003383,2.04346745312091,2.06555775272812,NA,NA,NA
"year2019_team_TB",1.98956092843015,1.99202661520219,2.00245155658583,1.94099375291925,1.97144161165061,1.99539061034391,NA,NA,NA
"year2019_team_BAL",1.97429061684608,1.95740449861121,1.92708963946133,1.82452070556683,1.8200381426523,1.79642548704795,NA,NA,NA
"year2019_team_CAR",1.6604802973106,1.69628349130721,1.69611537490623,1.60561859347241,1.63173523617024,1.63033908384331,NA,NA,NA
"year2019_team_DEN",1.85422182635319,1.8057336621946,1.77973529738507,1.74615225671887,1.71485675302805,1.70304551938368,NA,NA,NA
"year2019_team_DET",1.71043484781196,1.69404842684568,1.6926283185741,1.6374647965387,1.62275466533954,1.60963679392159,NA,NA,NA
"year2019_team_HOU",1.95095203812393,2.02054413609472,2.05169028173185,1.86885235519546,1.89581312412973,1.89876084257127,NA,NA,NA
"year2019_team_LA",1.5799549558948,1.60853065856228,1.62007439701637,1.53175433732837,1.55841751644955,1.56999803310278,NA,NA,NA
"year2019_team_MIA",1.88415169459711,1.8238045760258,1.78027066123301,1.80762352797722,1.7329531119931,1.69199435701441,NA,NA,NA
"year2019_team_NYG",1.84124735799528,1.86348965629157,1.86970306118378,1.78150532467579,1.80422279678897,1.80527115768417,NA,NA,NA
"year2019_team_NYJ",1.77216294160635,1.73142841233513,1.7166129525862,1.68146240724254,1.64886600273244,1.63230804792865,NA,NA,NA
"year2019_team_OAK",2.18768063856278,2.31869279174626,2.3814532208162,1.83048448242279,1.88309155054734,1.89874551683686,NA,NA,NA
"year2019_team_PIT",1.43093982974839,1.2326481689742,1.19844337588308,1.4155110269925,1.21873840494658,1.18471924128888,NA,NA,NA
"year2019_team_TEN",1.86768099299311,1.89687288455042,1.9080560995366,1.7585439814137,1.76864187158277,1.76929979821442,NA,NA,NA
"year2019_team_CIN",2.02209492495714,2.07701533511834,2.09184085489458,1.92435696820186,1.95287877853564,1.96005852670927,NA,NA,NA
"year2019_team_WAS",1.8302227412964,1.86826326805949,1.86639538472969,1.78717327820229,1.80660965671352,1.80054624342434,NA,NA,NA
"year2019_team_ATL",1.7893569683973,1.84030153929137,1.85658991567167,1.75663160806778,1.78194633749508,1.7826634391511,NA,NA,NA
"year2019_team_GB",1.76180372148556,1.78681067978025,1.79455961927849,1.69662554326815,1.71410568265039,1.71694611112004,NA,NA,NA
"year2020_team_ATL",2.8151119903808,2.87808279426021,2.87460542773378,2.72695712158799,2.79921974865867,2.81699244734618,NA,NA,NA
"year2020_team_BAL",3.15168494887914,3.1746835300971,3.17071366166757,3.07622061845625,3.14913502220738,3.1604307993842,NA,NA,NA
"year2020_team_BUF",2.1050069150547,2.16810825787047,2.18566379043435,2.03402088027722,2.1160324230343,2.15323154199916,NA,NA,NA
"year2020_team_CAR",2.01397114453962,1.91901947724385,1.86230018438629,1.94930860050122,1.86336783132331,1.81615822318558,NA,NA,NA
"year2020_team_CIN",2.69952786041806,2.60320867155332,2.55973803190607,2.6681053573789,2.56702691561918,2.50519384791693,NA,NA,NA
"year2020_team_DEN",2.19608895100711,2.29029372437662,2.34404893886389,2.08401396344355,2.17775526715667,2.22753340526204,NA,NA,NA
"year2020_team_DET",2.36535835168782,2.40036344495111,2.40376876325768,2.32045983036056,2.36691589454537,2.38219529626222,NA,NA,NA
"year2020_team_JAX",2.59069702742895,2.57391828250502,2.58798855429572,2.50458873133745,2.4635506668292,2.46831279851108,NA,NA,NA
"year2020_team_KC",2.1308675799431,2.14205847815072,2.14648732411773,2.03987951664117,2.03095698428763,2.02350466690716,NA,NA,NA
"year2020_team_LA",2.25196443116442,2.27310207535771,2.26236675139127,2.18698620303377,2.16335278846634,2.12786208296193,NA,NA,NA
"year2020_team_MIN",3.18630308583811,2.98010070225045,2.92017578974037,3.08814087584978,2.89458983002087,2.83997786731438,NA,NA,NA
"year2020_team_NE",2.54718324107596,2.66005687538946,2.69276464269687,2.4590576359201,2.51832996789922,2.52388913414047,NA,NA,NA
"year2020_team_NO",3.27590388632116,3.32883994334898,3.30706798142885,3.1564116528945,3.18808039947033,3.16259805209335,NA,NA,NA
"year2020_team_NYG",2.41497831899653,2.35830488513555,2.32121746944649,2.28550984675217,2.22601065259771,2.17747552309485,NA,NA,NA
"year2020_team_SF",2.06219029614403,2.12551540554085,2.13239561720002,2.04905976676712,2.09455974874056,2.09625554409972,NA,NA,NA
"year2020_team_WAS",2.26173973822239,2.27396118007628,2.27709064699813,2.17449591752552,2.15468702716427,2.15276945077647,NA,NA,NA
"year2020_team_CHI",2.41350995022446,2.35734448956491,2.32925857031005,2.33078306484187,2.2780077459693,2.24894810101398,NA,NA,NA
"year2020_team_DAL",2.94271953089701,2.9130492555717,2.89326479577904,2.88349925207201,2.87109873283958,2.85939324098649,NA,NA,NA
"year2020_team_GB",2.17060815310375,2.19939846236973,2.19614353546626,2.11007391133433,2.12908074177449,2.12155538140324,NA,NA,NA
"year2020_team_HOU",2.2315618201501,2.31922744084993,2.34547898635024,2.19929288769891,2.27473507591757,2.29447166996438,NA,NA,NA
"year2020_team_MIA",2.46336695580089,2.35721600395239,2.36812816280153,2.35267558267797,2.32262574074303,2.32226150069665,NA,NA,NA
"year2020_team_NYJ",2.14307054409758,2.21632242512656,2.22844311640426,2.01386115956215,2.07385915803848,2.10258103282341,NA,NA,NA
"year2020_team_TB",2.32880675958341,2.37756250568108,2.38267210085173,2.26028526972349,2.3014267759174,2.3049040976421,NA,NA,NA
"year2020_team_TEN",2.19419973307787,2.21796093798984,2.23336244348954,2.09493869402638,2.13853526003514,2.15238373429821,NA,NA,NA
"year2020_team_ARI",2.1965910645392,2.16026991768316,2.12247052444969,2.12003035351081,2.0646878671636,2.01887082925973,NA,NA,NA
"year2020_team_CLE",2.42509401410204,2.58874611111044,2.66708434252375,2.35509270595592,2.49444063037584,2.55915487436785,NA,NA,NA
"year2020_team_IND",2.19794016355174,2.25366882436773,2.27097965913942,2.11135349240668,2.13710172234156,2.14056559277393,NA,NA,NA
"year2020_team_LAC",2.26226603729399,2.19589880280574,2.16603929707925,2.16930305018171,2.11837258508112,2.0983346982926,NA,NA,NA
"year2020_team_PHI",2.53537948838534,2.47484128752047,2.43810148667816,2.445120213967,2.41357976178643,2.3873661513162,NA,NA,NA
"year2020_team_SEA",2.28030233237895,2.29432153780423,2.34504821572416,2.19184868012805,2.2037801714475,2.2445684440591,NA,NA,NA
"year2020_team_LV",2.28631470010864,2.09437258702872,2.04333137918076,2.21214319624153,2.03831415705826,1.9878415188179,NA,NA,NA
"year2020_team_PIT",1.86851788416898,1.90777278178854,1.92223254763219,1.78807967092353,1.73330266346824,1.72276474595136,NA,NA,NA
"year2021_team_ATL",2.1583218298566,2.13525673272975,2.14111317368461,2.03784725004947,2.02195494288718,2.03424691824724,NA,NA,NA
"year2021_team_BUF",2.36008423460556,2.43127214714043,2.45842711410251,2.27532888076603,2.33014836783844,2.347974764117,NA,NA,NA
"year2021_team_CIN",1.81981339235935,1.7130792685061,1.67511376618424,1.75081710413365,1.65727218171611,1.63753738975734,NA,NA,NA
"year2021_team_DAL",1.9289694687452,1.9437372606321,1.94562840307659,1.8837085124863,1.84575085171407,1.82583409626671,NA,NA,NA
"year2021_team_DEN",2.19721106118801,2.28225342283192,2.31739996834942,2.13747523303467,2.19989656339695,2.21429546799443,NA,NA,NA
"year2021_team_DET",2.23938023916482,2.29424904485507,2.30343146496532,2.11797980464847,2.16421368787264,2.16714900036458,NA,NA,NA
"year2021_team_KC",2.02542842412034,2.01747796706854,1.99259213089291,1.97813239415265,1.98323099568357,1.96841917219362,NA,NA,NA
"year2021_team_LA",2.18980003825399,2.23123343081098,2.22981845337133,2.1328436219116,2.15065683334371,2.14832706938064,NA,NA,NA
"year2021_team_LV",1.78370391685189,1.77285271879651,1.77595316772111,1.68844350543707,1.6828841787606,1.67613252591812,NA,NA,NA
"year2021_team_MIN",2.27748470534169,2.34824672838861,2.35707592986802,2.15465611689528,2.17376270541503,2.1619695797524,NA,NA,NA
"year2021_team_NE",2.00818146100535,1.98311027887473,1.960318339295,1.93382569551375,1.89811556113649,1.8728639859434,NA,NA,NA
"year2021_team_NO",1.94558674857943,1.95483241809326,1.95701254086532,1.89001118348631,1.88300258507631,1.87932232262795,NA,NA,NA
"year2021_team_NYG",2.08673905513154,2.06574037748824,2.05829119011699,1.99398276360168,1.95939344768655,1.94803835435771,NA,NA,NA
"year2021_team_SF",1.77478965797358,1.8199660325676,1.83392573768346,1.76258289711609,1.77922728145245,1.77588887363476,NA,NA,NA
"year2021_team_TEN",2.06452541781072,2.08194632577147,2.07885985343627,2.00951076893287,2.01836661461322,2.01552704471674,NA,NA,NA
"year2021_team_ARI",2.16966448907253,2.17138064375742,2.17060134971919,2.07596396977978,2.01660584481685,1.99516363729596,NA,NA,NA
"year2021_team_BAL",1.59589726543085,1.56337234047672,1.51793342960153,1.53815656890538,1.50653580764554,1.46598598312422,NA,NA,NA
"year2021_team_CAR",2.39022237920084,2.4079858590018,2.41655330964131,2.30095169339767,2.2984368205453,2.29396472167604,NA,NA,NA
"year2021_team_CHI",2.12792801797236,2.13057001550182,2.13643820712197,2.03804422269527,2.01999638584586,2.02112322610738,NA,NA,NA
"year2021_team_GB",2.15857673204972,2.14684614475699,2.1389103589635,2.0649144812669,2.0256459893532,2.00914245503561,NA,NA,NA
"year2021_team_IND",2.04967112118414,2.06480451821881,2.0718203390068,1.99274922384971,1.98451782919603,1.9853015425106,NA,NA,NA
"year2021_team_LAC",2.01362553139004,2.03707973912284,2.0280055657438,1.9145745342211,1.89985638541567,1.8830605187748,NA,NA,NA
"year2021_team_MIA",1.88864819585307,1.930017536602,1.93947631101561,1.86066811859778,1.87606755020973,1.87451600991082,NA,NA,NA
"year2021_team_NYJ",1.88666353552422,1.94910986219533,1.97287027485219,1.8638144066405,1.93454295341567,1.96522658388913,NA,NA,NA
"year2021_team_PHI",2.25172896579945,2.32276795657574,2.34894999599632,2.15845999075411,2.19767289675455,2.20352519309136,NA,NA,NA
"year2021_team_SEA",1.64753203143887,1.66654715730737,1.6864372688065,1.60242270635904,1.6098903452079,1.62520744945428,NA,NA,NA
"year2021_team_TB",1.91684302609776,1.94794885365792,1.94559583978073,1.88264554656724,1.90881025648456,1.909563232623,NA,NA,NA
"year2021_team_WAS",2.35724703434342,2.37926280535302,2.38919853059802,2.29987778181838,2.31246538126734,2.31785496712993,NA,NA,NA
"year2021_team_CLE",2.16510339877491,2.19495140817393,2.2052160250022,2.05128405215325,2.07180570546697,2.0708158217071,NA,NA,NA
"year2021_team_HOU",2.11869622204246,2.19809964322101,2.2291491719454,2.05582312936745,2.13454883979599,2.16007856624859,NA,NA,NA
"year2021_team_JAX",1.89859442206935,1.97585967949407,2.01197493146468,1.8532116873048,1.93030680002577,1.96253510246196,NA,NA,NA
"year2021_team_PIT",1.99630200070567,2.01170862226844,2.01595762393972,1.88159795095099,1.88243199930122,1.88934293919672,NA,NA,NA
"year2022_team_ARI",2.34858316513196,2.4534102878657,2.49775068455112,2.21537250537182,2.28295951005934,2.30730941566841,NA,NA,NA
"year2022_team_ATL",1.96498492115752,1.7650443673095,1.78411636242557,1.8890826516017,1.70878207090433,1.72028182601285,NA,NA,NA
"year2022_team_CAR",1.65252941373696,1.61241108977353,1.60905513560146,1.58512119069122,1.55238421153729,1.53595727585451,NA,NA,NA
"year2022_team_CHI",1.61054569815436,1.66216087986557,1.68594484749427,1.57450143151903,1.60020390872143,1.61254389350426,NA,NA,NA
"year2022_team_CIN",1.69572083098938,1.62310277988672,1.58718532619648,1.61538854089848,1.56948411934241,1.5530734160877,NA,NA,NA
"year2022_team_HOU",2.11121407637267,2.12453553422675,2.1041044554244,2.01497433354112,1.98642467286522,1.95790570383741,NA,NA,NA
"year2022_team_IND",2.03818636612565,2.10819147700771,2.14447929733551,1.95972316300952,2.02196019135854,2.05018390305899,NA,NA,NA
"year2022_team_LAC",2.07779558351192,2.13896773930304,2.15745141920667,2.00508014367895,2.05206270556202,2.06738373945703,NA,NA,NA
"year2022_team_MIA",2.20055782575614,2.27293846044452,2.30847314187257,2.0885263687527,2.1163989178664,2.13251900045724,NA,NA,NA
"year2022_team_SEA",2.0369107621307,2.05106864147562,2.05896767224084,1.95393933511544,1.97119742000875,1.9763520137188,NA,NA,NA
"year2022_team_TB",2.29588235931607,2.26212167990911,2.27717911987942,2.19589874805907,2.15233462599191,2.15885950799298,NA,NA,NA
"year2022_team_TEN",2.15820710240991,2.05257492904088,1.99204476524228,2.10230452898567,1.95804221516525,1.88605488670433,NA,NA,NA
"year2022_team_WAS",2.13989404519941,2.18116457025208,2.19366908614517,2.02181976327767,2.05922577643222,2.07297845082531,NA,NA,NA
"year2022_team_BAL",1.82943445048727,1.82876894300777,1.83104162870837,1.778069985159,1.78656225775011,1.80036868919346,NA,NA,NA
"year2022_team_BUF",2.02865378108395,1.98767161363416,1.9650624702382,1.96777040350067,1.96131034891228,1.95357860357068,NA,NA,NA
"year2022_team_DAL",1.53191698904844,1.51572470566533,1.50070557815825,1.5212574235343,1.50283961473645,1.49158132552658,NA,NA,NA
"year2022_team_DET",2.38269256789367,2.44891952440238,2.47992340811356,2.28902885701666,2.3316372318897,2.34156041758907,NA,NA,NA
"year2022_team_GB",1.96338956996698,2.01164830093152,2.02244543103283,1.84539343539983,1.91738781901741,1.94875564183555,NA,NA,NA
"year2022_team_JAX",2.40225821195303,2.3630743032912,2.34931592415691,2.28881914905961,2.20386409816213,2.17662498775789,NA,NA,NA
"year2022_team_KC",1.64009252205147,1.65890826133127,1.67231725468954,1.55704314104475,1.55576546481283,1.56002065724595,NA,NA,NA
"year2022_team_LA",1.84711895954155,1.76175075006971,1.73524867009344,1.80456659405562,1.72071038752195,1.6849276945642,NA,NA,NA
"year2022_team_LV",1.82177644730618,1.82606711973166,1.81782219240004,1.76255359842152,1.74937627309284,1.73520206417376,NA,NA,NA
"year2022_team_NO",1.61290978448871,1.63440078972362,1.64418159715685,1.59227152397315,1.60758069725356,1.62123129282331,NA,NA,NA
"year2022_team_PHI",2.0731173089913,2.09695864967745,2.08550873931511,1.9860651043431,1.95213157659881,1.92668168747827,NA,NA,NA
"year2022_team_PIT",1.86807787124978,1.85113546268019,1.82553620176638,1.7795159257631,1.74238541360893,1.71096317481684,NA,NA,NA
"year2022_team_DEN",2.06893631838701,2.10253804180344,2.11493932588551,1.99421188242866,2.01907103560792,2.01791480586774,NA,NA,NA
"year2022_team_MIN",1.86359815159056,1.89615834850556,1.90626662233152,1.78470301978238,1.7914760602461,1.78556800117265,NA,NA,NA
"year2022_team_NE",1.76545517577253,1.79208783731136,1.79301757013959,1.74471728226865,1.77889212298808,1.78214144973659,NA,NA,NA
"year2022_team_NYJ",2.05165658130916,2.07309543289211,2.06968486236148,1.99784492554996,2.01241677891935,2.00779379930079,NA,NA,NA
"year2022_team_NYG",1.84865027125305,1.88135087298792,1.88232458214702,1.76428515997484,1.79873663360116,1.80628617190464,NA,NA,NA
"year2022_team_SF",1.45277542026924,1.45006191542653,1.44753126912538,1.4134852130588,1.4089975727551,1.40722705158318,NA,NA,NA
"year2023_team_BAL",2.05964217935485,2.06795423527897,2.06129393041185,1.95473402572867,1.96355320947273,1.95830433239183,NA,NA,NA
"year2023_team_CHI",1.98033209566864,2.0362781786242,2.0620824440969,1.90967460316412,1.96047543713912,1.99304005288785,NA,NA,NA
"year2023_team_CLE",1.81272564975163,1.7116364395563,1.70878570980516,1.76693153919528,1.65405554454322,1.6411114190863,NA,NA,NA
"year2023_team_GB",2.03856458258653,2.14570308974271,2.19263588285589,1.99405037732876,2.06033865849869,2.08122139017692,NA,NA,NA
"year2023_team_IND",2.03980937977237,2.00180045738215,1.96799620027852,1.90596223612771,1.87445684735428,1.8478722817853,NA,NA,NA
"year2023_team_KC",1.92787668968352,1.93093872518887,1.94417904740215,1.8329069162748,1.79994354936085,1.78508055319534,NA,NA,NA
"year2023_team_LAC",1.96433734810745,2.02721498976114,2.04936465227363,1.90534023605409,1.94699741472809,1.95692621945311,NA,NA,NA
"year2023_team_LV",2.06989638333701,2.10582814799721,2.10456008588536,2.02672039215028,2.03241986252836,2.02269804494632,NA,NA,NA
"year2023_team_MIA",1.93337771210341,1.92187832065079,1.90315705897307,1.83172628277155,1.82594683759736,1.8116508337406,NA,NA,NA
"year2023_team_MIN",2.15263065608969,2.00875462759576,1.92858863187427,2.10958633950071,2.00454306079146,1.96538907026846,NA,NA,NA
"year2023_team_NO",1.78163742783238,1.85551120869205,1.88616222261227,1.78212735443519,1.85131918698965,1.88109605757514,NA,NA,NA
"year2023_team_NYG",2.6837737328986,2.81184039240994,2.85492218988019,2.47668613403959,2.54867697914676,2.57637054619003,NA,NA,NA
"year2023_team_SEA",2.0210090775764,1.98100274159979,1.98008277042676,1.9607636960602,1.91042922206432,1.8990756291302,NA,NA,NA
"year2023_team_SF",1.83318325461518,1.82814473338374,1.80560268698587,1.78654334422401,1.75397911291444,1.7178600812711,NA,NA,NA
"year2023_team_WAS",2.18284406586304,2.12589960622065,2.09458155594113,2.09143142837591,2.01988799984744,1.98254751135066,NA,NA,NA
"year2023_team_ATL",1.83227765582427,1.8464734521864,1.86170041682734,1.7673710238786,1.7561032422645,1.75418103042528,NA,NA,NA
"year2023_team_BUF",1.64997364185901,1.66470280200259,1.67524482970593,1.59682325276432,1.63154030427758,1.64615196302718,NA,NA,NA
"year2023_team_CAR",2.3412875069632,2.35604708619982,2.36426750815339,2.15865370929492,2.18912306979333,2.19990163672948,NA,NA,NA
"year2023_team_DAL",1.85777851723246,1.8643919426908,1.85993755764311,1.80353397051943,1.80854770774011,1.80016864174329,NA,NA,NA
"year2023_team_DEN",2.01441851232859,1.97828890363886,1.95188582628799,1.97650447496175,1.99622150205194,2.00282474656096,NA,NA,NA
"year2023_team_HOU",1.53544948374555,1.53625191086074,1.53380054361448,1.51751001885368,1.52837302360221,1.54018140295519,NA,NA,NA
"year2023_team_LA",1.69882763718031,1.7093404104262,1.7191710277217,1.67566886236873,1.67823114567072,1.67270887208859,NA,NA,NA
"year2023_team_NE",1.83552442852124,1.85202368704611,1.84383569035102,1.75115004448327,1.75858644695754,1.74928709757332,NA,NA,NA
"year2023_team_PHI",1.98830635704468,2.01397647108631,2.01861964925354,1.94176708213377,1.96099981517489,1.96963960391255,NA,NA,NA
"year2023_team_PIT",1.62677421509753,1.66644741150722,1.67601584566454,1.55320824002274,1.58115638320693,1.59036064857942,NA,NA,NA
"year2023_team_TEN",1.86613107966456,1.93262016134042,1.95350972690087,1.66195633048745,1.69773279153997,1.7033029608193,NA,NA,NA
"year2023_team_ARI",1.91003930576605,1.8518055926097,1.84528892017423,1.81004908209031,1.7691112117771,1.76059908728078,NA,NA,NA
"year2023_team_CIN",1.68886244159796,1.71487091742182,1.72283945831303,1.63341976471723,1.64857844380867,1.65544287843325,NA,NA,NA
"year2023_team_DET",2.36238328458721,2.40267875189338,2.40586349623382,2.26277470549653,2.29924182120315,2.29713491354269,NA,NA,NA
"year2023_team_TB",2.11709460532163,2.113230361687,2.09393465391204,1.97885537508253,1.97737647965651,1.96003354782869,NA,NA,NA
"year2023_team_JAX",1.71844952180696,1.75726247174538,1.77112825167257,1.71225866965159,1.72428058042049,1.73452328745281,NA,NA,NA
"year2023_team_NYJ",1.68820113351763,1.6743062515839,1.65940418894094,1.66927753063728,1.64169144062428,1.62258379318666,NA,NA,NA
"is_first_half",1.33677124075874,1.34785797593082,1.35316852730477,1.35920566118421,1.37154355216666,1.3775643132116,1.24243430907295,NA,NA
"time_in_half",1.92946485337398,1.90590214933041,1.89766476095196,1.95575948987792,1.92798803031418,1.91735287715337,1.86937863134315,NA,NA
"home_attendance",13.8985362349981,13.9145065765404,13.8855675536152,13.9578548004884,14.2482644331322,14.3353713233107,1.67529533011428,NA,NA
"GIMR",1.40921442943425,1.54816971716444,1.5591694887638,1.39316181273879,1.52414942483124,1.53236780424721,NA,NA,NA
"QB_present",1.14833138951167,1.00003275674215,1.0000068163845,1.21300808127793,1.00005174798269,1.00001139766912,NA,NA,NA
"RB_present",1.22283218948539,1.22259033699871,1.22737601379749,1.89539617749809,1.89217532572636,1.89646064972454,NA,NA,NA
"WR1_present",2.58937982427617,2.60654387792978,2.64269633749228,5.59275712020642,5.427838978588,5.34945058228163,NA,NA,NA
"WR2_present",2.64246354173436,2.59393276006123,2.57184825256407,11.463066212182,11.361238633849,11.2178807718254,NA,NA,NA
"WR3_present",2.6942780290414,2.7024325945139,2.70375341918742,7.69718351527202,7.82487873452654,7.82631148611198,NA,NA,NA
"QB_grades_pass_12w",4.11684391161234,4.15178874461389,4.18401760191856,1.44624233586241,1.43613299424937,1.4443761209428,3.68040153667521,NA,NA
"RB_grades_run_12w",1.81061260311103,1.81898410822651,1.82877183790015,1.83497085025479,1.83470147311322,1.83802281044382,1.53897537775587,NA,NA
"WR1_grades_offense_12w",3.10314088585471,3.12126466743035,3.14993074813568,4.45747931190264,4.28298861321931,4.17570060502462,2.89396849063327,NA,NA
"WR2_grades_offense_12w",3.25533704255952,3.3256750766256,3.38146779255976,10.4560894019212,10.4163382943081,10.3032578824078,2.97389770580594,NA,NA
"WR3_grades_offense_12w",1.89017792635341,1.89746325990155,1.91008971792154,6.18023249408536,6.30926896082961,6.31343200058516,1.72430442947796,NA,NA
"TE1_grades_offense_12w",2.35153337165721,2.35569687230471,2.37015754873109,1.3112700491239,1.29694857124112,1.29570287758155,2.20317571345905,NA,NA
"OL1_grades_offense_12w",2.81405816672783,2.81554164883685,2.83151878029893,1.65050961990715,1.63613994757488,1.63929056839495,2.53056158598509,NA,NA
"OL2_grades_offense_12w",2.96743974717876,3.00205465344107,3.03561099048716,1.44194307208384,1.42887109442249,1.43395995326852,2.62808421209661,NA,NA
"OL3_grades_offense_12w",2.86861496262946,2.88498077056616,2.90650491915199,1.35187096917913,1.34384388139755,1.34763232353078,2.5493634268543,NA,NA
"OL4_grades_offense_12w",2.41020404640675,2.44219758558492,2.46461955941434,1.33001119721551,1.32793497318803,1.33355964182922,2.43088272925133,NA,NA
"OL5_grades_offense_12w",2.46060783390741,2.44857129721724,2.4530609283665,1.25601703246098,1.25005953643323,1.2508517858309,2.25356530442728,NA,NA
"DL2_present",1.45345859133162,1.43541715835513,1.43898389224521,8.87215562068734,8.47245455419267,8.42073373330903,NA,NA,NA
"DL3_present",2.80550309670298,2.81066672056701,2.82554487490693,26.2311507851939,26.0911873794493,26.0455768741802,NA,NA,NA
"DL4_present",3.01917260582822,3.02279638507007,3.03138172207572,27.1484733941078,28.9363488233461,30.0365248519696,NA,NA,NA
"LB3_present",2.96232032799819,2.96028288460284,2.96607252996135,21.3619343729721,21.9687610404954,22.1798390765791,NA,NA,NA
"LB4_present",2.39172828654758,2.42539489638648,2.43788751371797,24.2882134404561,24.6151157401501,24.7943928155007,NA,NA,NA
"CB1_present",1.99089875158119,2.02097448630436,2.06825515600432,5.25223227392565,5.53271493381163,5.77867708164077,NA,NA,NA
"CB2_present",1.85572043014056,1.84643684297982,1.84845432816377,6.4836295952251,6.4787974540799,6.48281715009702,NA,NA,NA
"CB3_present",2.26250288987331,2.27291956799866,2.28041834548374,12.2564034006418,12.6671074730625,12.8175279812467,NA,NA,NA
"S1_present",1.21333814883905,1.21346393322836,1.21595776463073,3.35347032706056,3.40030091166347,3.45604451425482,NA,NA,NA
"S2_present",1.50010831757112,1.49811883526947,1.50073612214621,11.2338900591456,11.4621008193296,11.6156446155969,NA,NA,NA
"DL1_grades_run_defense_12w",4.14985896159101,4.18073448661498,4.22087673776149,2.36014913723349,2.30981071617152,2.29890112594599,3.70821914828943,NA,NA
"DL1_grades_pass_rush_defense_12w",3.96997346017333,4.00543675959593,4.05375848403076,2.20182116068386,2.15908384565308,2.15543348138334,3.59326895693333,NA,NA
"DL2_grades_run_defense_12w",4.09182070890396,4.12571336932033,4.17260744606743,10.2284670318298,9.80455590885569,9.74474200828743,3.72283074232414,NA,NA
"DL2_grades_pass_rush_defense_12w",3.71150950834247,3.71008131630618,3.73456229184767,9.69293223179264,9.28215614432687,9.21752352120399,3.49554566612049,NA,NA
"DL3_grades_run_defense_12w",4.14660870828482,4.16737652093093,4.21011305657674,29.4212077017657,28.7363576018488,28.5254319994434,3.78858254781986,NA,NA
"DL3_grades_pass_rush_defense_12w",3.9157834491821,3.94864479619348,3.98604865935448,33.3896360211083,32.9338366473215,32.841013837194,3.5851486138406,NA,NA
"DL4_grades_run_defense_12w",4.08493335871413,4.13109927225768,4.16396338140577,42.2091984939502,42.114434693238,42.5561358651821,3.88520107963502,NA,NA
"DL4_grades_pass_rush_defense_12w",4.01293151306768,4.04342962074227,4.06909693905912,48.0910183917888,48.217239217579,48.7115043627886,3.83295479117847,NA,NA
"LB1_grades_run_defense_12w",3.32199929215306,3.37091750611482,3.41001355172198,1.84984632064388,1.87704340696558,1.87928103638131,2.95958514364839,NA,NA
"LB1_man_grades_coverage_defense_12w",1.85246432024062,1.86958461938246,1.88451391907608,1.34024656830027,1.35791098720771,1.36230906744365,1.61166558333135,NA,NA
"LB1_zone_grades_coverage_defense_12w",2.68700484681927,2.70909981224379,2.73636502874916,1.78694415045991,1.83401496504241,1.84099599950129,2.31308475704208,NA,NA
"LB2_grades_run_defense_12w",3.27780231723745,3.32665459098079,3.3706363442596,5.62701566713268,5.67692831057666,5.70318335137052,2.90891569565177,NA,NA
"LB2_man_grades_coverage_defense_12w",1.84194217719478,1.86130502844996,1.88289870714698,3.4388054561289,3.49163843146798,3.52634759226788,1.61659831221365,NA,NA
"LB2_zone_grades_coverage_defense_12w",2.50350807130014,2.51614737721191,2.53414700832165,5.71468720877378,5.76740359017643,5.78913688266251,2.22548120017887,NA,NA
"LB3_grades_run_defense_12w",3.18186824250749,3.2241576380792,3.25118804859844,23.9804159741772,24.3477309851019,24.519002025767,2.73480669380333,NA,NA
"LB3_man_grades_coverage_defense_12w",2.28114670602163,2.27118735801704,2.27590792701306,6.22667370061453,6.26103921375003,6.27613322633806,1.87356736472612,NA,NA
"LB3_zone_grades_coverage_defense_12w",2.79805522421018,2.84370423695591,2.86959246290258,13.995279789505,14.2004453126793,14.3929790760724,2.42037014785422,NA,NA
"LB4_grades_run_defense_12w",2.46275722437167,2.46995230637144,2.47588579693299,30.2438019182318,30.5389709443828,30.7371760401846,2.26994236438024,NA,NA
"LB4_man_grades_coverage_defense_12w",2.39012181456204,2.36704984684613,2.36421781925266,6.24059541517957,6.31853589574207,6.34431613342084,2.14191223434801,NA,NA
"LB4_zone_grades_coverage_defense_12w",2.87217676166588,2.87248397694899,2.87745252596216,16.7363950827298,17.2488069544398,17.5875296165043,2.5650260023075,NA,NA
"CB1_grades_run_defense_12w",4.11252388778947,4.15042237532211,4.18941205388347,4.60555361139603,4.58318340361985,4.61437865990413,3.8177004802477,NA,NA
"CB1_man_grades_coverage_defense_12w",3.02653055410032,3.03689284117837,3.05448472104163,3.41746733161406,3.3748777712269,3.37683095686646,2.78095749834462,NA,NA
"CB1_zone_grades_coverage_defense_12w",3.80730689385424,3.8506983682152,3.88902318090997,4.15170652239485,4.08935839745461,4.09736948933964,3.51595530140943,NA,NA
"CB2_grades_run_defense_12w",3.83158379612949,3.85633129221287,3.89079465196789,7.13456648852249,7.20310302577954,7.17532188398198,3.42015243483749,NA,NA
"CB2_man_grades_coverage_defense_12w",2.78502839672443,2.81645371272619,2.84692258451779,6.0583962812317,6.20786708462643,6.22101278104919,2.47705439585406,NA,NA
"CB2_zone_grades_coverage_defense_12w",3.69518881259826,3.73297843602686,3.77806492910921,8.1721410566596,8.25410754399698,8.27795742423234,3.09701153396288,NA,NA
"CB3_grades_run_defense_12w",2.82389981291627,2.84688158281732,2.8492100397497,18.0753861523268,18.2861950503854,18.3751687586619,2.72117553707495,NA,NA
"CB3_man_grades_coverage_defense_12w",2.85952959416725,2.87929218400708,2.89647803339095,15.7512307804617,15.7660395928158,15.7625130773742,2.59177094623793,NA,NA
"CB3_zone_grades_coverage_defense_12w",3.42714967447943,3.42344502378272,3.42680455627135,21.4196594627268,21.5428222370145,21.5756846535262,3.16771606665876,NA,NA
"S1_grades_run_defense_12w",4.90198338829246,4.950575689471,5.00044832362223,3.48915825249593,3.55860678206046,3.60477575901327,4.4137002340214,NA,NA
"S1_man_grades_coverage_defense_12w",3.98704344393389,4.05410112520377,4.08900041257948,3.17940299265741,3.30677970441496,3.3587651090425,3.61236052465268,NA,NA
"S1_zone_grades_coverage_defense_12w",3.75039424002736,3.83182288760632,3.89705175713181,2.86749884785103,2.90425841405513,2.9211313144636,3.49356741693695,NA,NA
"S2_grades_run_defense_12w",4.59454077158665,4.61396025230187,4.66891007273358,13.7824801277951,13.9757382666746,14.1024702675489,4.11490208432833,NA,NA
"S2_man_grades_coverage_defense_12w",3.50896431279371,3.46499516370805,3.47165982612359,11.4941076952444,11.9563627837652,12.2392488171668,3.57906292942854,NA,NA
"S2_zone_grades_coverage_defense_12w",3.88977149388017,3.80189011827929,3.81545660617731,13.2300543549967,13.8264080511846,14.1574572031024,4.12042789127781,NA,NA
"S3_grades_run_defense_12w",3.06170117929264,3.07730117175022,3.09677038690618,41.1646906713466,43.5220884891541,44.8105719617202,2.79337559197618,NA,NA
"S3_man_grades_coverage_defense_12w",3.06870484154411,3.07907217477293,3.09573165777562,41.5626513119946,42.0525842343382,42.2784618878139,2.75688700226921,NA,NA
"S3_zone_grades_coverage_defense_12w",3.94819458701575,3.95023803649545,3.97283042076422,49.5053048961386,51.8334680878457,52.9248630812844,3.40739753864597,NA,NA
"prev_shotgun_success",NA,NA,NA,NA,NA,NA,3.0094866954882,NA,NA
"prev_singleback_success",NA,NA,NA,NA,NA,NA,2.77032176596683,NA,NA
"prev_empty_success",NA,NA,NA,NA,NA,NA,2.31816378234347,NA,NA
"prev_iform_success",NA,NA,NA,NA,NA,NA,2.0533875146925,NA,NA
"p_player_26_punting_grades_grades_punter_12w",NA,NA,NA,NA,NA,NA,1.09596305217561,NA,NA
"k_player_25_field_goals_grades_grades_fgep_kicker_12w",NA,NA,NA,NA,NA,NA,1.13417702902225,NA,NA
"is_winning",NA,NA,NA,NA,NA,NA,3.64042177967283,NA,NA
"is_losing",NA,NA,NA,NA,NA,NA,3.3303036951205,NA,NA
"winning_score_diff",NA,NA,NA,NA,NA,NA,2.90151042891327,NA,NA
"losing_score_diff",NA,NA,NA,NA,NA,NA,2.92832270940495,NA,NA
"Chuck_Pagano",NA,NA,NA,NA,NA,NA,16.2913545705433,NA,NA
"Bruce_Arians",NA,NA,NA,NA,NA,NA,52.633987476287,NA,NA
"Sean_McDermott",NA,NA,NA,NA,NA,NA,83.9362883903689,NA,NA
"Ron_Rivera",NA,NA,NA,NA,NA,NA,93.936327856447,NA,NA
"John_Fox",NA,NA,NA,NA,NA,NA,15.3939778070083,NA,NA
"Dirk_Koetter",NA,NA,NA,NA,NA,NA,24.5209115718607,NA,NA
"Hue_Jackson",NA,NA,NA,NA,NA,NA,23.241807308024,NA,NA
"John_Harbaugh",NA,NA,NA,NA,NA,NA,92.0100188798599,NA,NA
"Jason_Garrett",NA,NA,NA,NA,NA,NA,38.5309584968378,NA,NA
"Vance_Joseph",NA,NA,NA,NA,NA,NA,31.5707948653263,NA,NA
"Ben_McAdoo",NA,NA,NA,NA,NA,NA,12.7085028436961,NA,NA
"Jim_Caldwell",NA,NA,NA,NA,NA,NA,14.5053512512027,NA,NA
"Mike_McCarthy",NA,NA,NA,NA,NA,NA,72.7323390585714,NA,NA
"Dan_Quinn",NA,NA,NA,NA,NA,NA,40.7779925265338,NA,NA
"Marvin_Lewis",NA,NA,NA,NA,NA,NA,28.0787746621243,NA,NA
"Bill_OBrien",NA,NA,NA,NA,NA,NA,43.7309857546103,NA,NA
"Adam_Gase",NA,NA,NA,NA,NA,NA,58.014706016135,NA,NA
"Anthony_Lynn",NA,NA,NA,NA,NA,NA,49.0441344192855,NA,NA
"Mike_Zimmer",NA,NA,NA,NA,NA,NA,65.191808732957,NA,NA
"Mike_Tomlin",NA,NA,NA,NA,NA,NA,92.5504113733913,NA,NA
"Bill_Belichick",NA,NA,NA,NA,NA,NA,91.8722990284992,NA,NA
"Sean_Payton",NA,NA,NA,NA,NA,NA,75.9472902443838,NA,NA
"Jack_Del_Rio",NA,NA,NA,NA,NA,NA,15.1732498441277,NA,NA
"Todd_Bowles",NA,NA,NA,NA,NA,NA,58.3790793954354,NA,NA
"Doug_Pederson",NA,NA,NA,NA,NA,NA,78.4378468247711,NA,NA
"Andy_Reid",NA,NA,NA,NA,NA,NA,74.2179356474907,NA,NA
"Kyle_Shanahan",NA,NA,NA,NA,NA,NA,81.9760149768638,NA,NA
"Pete_Carroll",NA,NA,NA,NA,NA,NA,90.8689362397125,NA,NA
"Mike_Mularkey",NA,NA,NA,NA,NA,NA,15.1735935345103,NA,NA
"Doug_Marrone",NA,NA,NA,NA,NA,NA,58.1520557782154,NA,NA
"Jay_Gruden",NA,NA,NA,NA,NA,NA,33.6667590122381,NA,NA
"Sean_McVay",NA,NA,NA,NA,NA,NA,88.2524627792558,NA,NA
"Steve_Spagnuolo",NA,NA,NA,NA,NA,NA,5.90232093174503,NA,NA
"Steve_Wilks",NA,NA,NA,NA,NA,NA,26.4170473608181,NA,NA
"Matt_Patricia",NA,NA,NA,NA,NA,NA,36.5543727604092,NA,NA
"Mike_Vrabel",NA,NA,NA,NA,NA,NA,74.9161137057213,NA,NA
"Frank_Reich",NA,NA,NA,NA,NA,NA,67.5748780593919,NA,NA
"Pat_Shurmur",NA,NA,NA,NA,NA,NA,27.6411662405949,NA,NA
"Jon_Gruden",NA,NA,NA,NA,NA,NA,43.2001926843848,NA,NA
"Matt_Nagy",NA,NA,NA,NA,NA,NA,54.6154278066374,NA,NA
"Gregg_Williams",NA,NA,NA,NA,NA,NA,6.330203817025,NA,NA
"Joe_Philbin",NA,NA,NA,NA,NA,NA,4.85426080487167,NA,NA
"Kliff_Kingsbury",NA,NA,NA,NA,NA,NA,54.7043158556191,NA,NA
"Vic_Fangio",NA,NA,NA,NA,NA,NA,43.1390886496592,NA,NA
"Freddie_Kitchens",NA,NA,NA,NA,NA,NA,14.3412227737316,NA,NA
"Matt_LaFleur",NA,NA,NA,NA,NA,NA,60.6938867696489,NA,NA
"Brian_Flores",NA,NA,NA,NA,NA,NA,44.0281093812529,NA,NA
"Zac_Taylor",NA,NA,NA,NA,NA,NA,66.1914917574544,NA,NA
"Bill_Callahan",NA,NA,NA,NA,NA,NA,10.9696415787027,NA,NA
"Matt_Rhule",NA,NA,NA,NA,NA,NA,33.1099753966019,NA,NA
"Kevin_Stefanski",NA,NA,NA,NA,NA,NA,57.2411491444226,NA,NA
"Joe_Judge",NA,NA,NA,NA,NA,NA,29.9338996591747,NA,NA
"Romeo_Crennel",NA,NA,NA,NA,NA,NA,10.0486611731871,NA,NA
"Raheem_Morris",NA,NA,NA,NA,NA,NA,10.7625484494474,NA,NA
"Darrell_Bevell",NA,NA,NA,NA,NA,NA,7.55217990820627,NA,NA
"Arthur_Smith",NA,NA,NA,NA,NA,NA,38.6853901693086,NA,NA
"Brandon_Staley",NA,NA,NA,NA,NA,NA,41.5785312306586,NA,NA
"Urban_Meyer",NA,NA,NA,NA,NA,NA,12.403763510523,NA,NA
"Dan_Campbell",NA,NA,NA,NA,NA,NA,42.209194273152,NA,NA
"David_Culley",NA,NA,NA,NA,NA,NA,17.0785808533089,NA,NA
"Robert_Saleh",NA,NA,NA,NA,NA,NA,47.3595230962024,NA,NA
"Nick_Sirianni",NA,NA,NA,NA,NA,NA,37.5866610286836,NA,NA
"Rich_Bisaccia",NA,NA,NA,NA,NA,NA,11.0352198488541,NA,NA
"Josh_McDaniels",NA,NA,NA,NA,NA,NA,20.6220862749744,NA,NA
"Brian_Daboll",NA,NA,NA,NA,NA,NA,32.3393633268078,NA,NA
"Matt_Eberflus",NA,NA,NA,NA,NA,NA,26.0127401000189,NA,NA
"Lovie_Smith",NA,NA,NA,NA,NA,NA,16.8124741070053,NA,NA
"Nathaniel_Hackett",NA,NA,NA,NA,NA,NA,17.3066423082714,NA,NA
"Mike_McDaniel",NA,NA,NA,NA,NA,NA,24.4454977642909,NA,NA
"Kevin_OConnell",NA,NA,NA,NA,NA,NA,27.0494449955724,NA,NA
"Dennis_Allen",NA,NA,NA,NA,NA,NA,27.7589652172823,NA,NA
"Jeff_Saturday",NA,NA,NA,NA,NA,NA,9.28367418115322,NA,NA
"Jay_Rosburg",NA,NA,NA,NA,NA,NA,2.93470398608639,NA,NA
"DeMeco_Ryans",NA,NA,NA,NA,NA,NA,13.2598063348284,NA,NA
"Shane_Steichen",NA,NA,NA,NA,NA,NA,14.486726918426,NA,NA
"Jonathan_Gannon",NA,NA,NA,NA,NA,NA,13.6974832035915,NA,NA
"Antonio_Pierce",NA,NA,NA,NA,NA,NA,8.40453195576716,NA,NA
"Chris_Tabor",NA,NA,NA,NA,NA,NA,5.00906940569858,NA,NA
