"","Starter OLS","Starter Probit","Starter Logit","Player OLS","Player Probit","Player Logit","Attempt OLS","Attempt Probit","Attempt Logit"
"(Intercept)",0.323998444861391,NA,NA,0.42440559727652,NA,NA,0.0540322702975368,NA,NA
"ydstogo",0.00869808590046002,0.0127818004344563,0.0137398934604562,0.00895707104317339,0.0128719781688406,0.0138036734104034,0.00245165239629579,0.00376603669100285,0.00304363220048797
"posteam_timeouts_remaining",0.0096327054228916,0.0110468634505703,0.0114917362246819,0.00960176993882279,0.0109104777775001,0.0113390167337886,0.00305812197367092,0.00278950704531212,0.00243956279177654
"defteam_timeouts_remaining",0.00918122155385457,0.0104794523872742,0.0108586172069154,0.00924099929935578,0.0105108903331989,0.0108700212389366,0.00298479123409948,0.00280878663083904,0.00244269349611785
"rush_attempt",0.0218722162525376,0.0239116966049477,0.0245673433488283,0.0221026121223207,0.0238936604586086,0.0245354862226404,NA,NA,NA
"week",0.0104541713473515,0.0118875196878606,0.0123374698512872,0.0105159066784353,0.0119549104041555,0.0123454593237459,0.00288337925375741,0.00296551327458475,0.00257888195248426
"temp",0.0105985316480201,0.0120636292293812,0.0125020266656088,0.0106336327554986,0.0120836341821676,0.0125108472996673,0.00310198909710081,0.0032556146383743,0.00283174459533081
"wind",0.0102987677475464,0.0120786675671714,0.0126397972576334,0.0100823738043872,0.0117503151799963,0.0122787618636224,0.00319563022168931,0.00331900405618576,0.0028645393346447
"vegas_wp",0.0232751489568212,0.0262331744685226,0.0271308248139231,0.0236717597525075,0.0267220860103418,0.0276278497485223,0.00639544790631548,0.00681625061349795,0.00602140935234225
"spread_line",0.00795159587546134,0.00898876592408686,0.00933915197128016,0.00795129531176356,0.00896701797735623,0.00930075651516797,0.00234286355796815,0.00245735905350212,0.00213265960813871
"total_line",0.0116090077058623,0.0131766746317835,0.0137019280609447,0.0116260311496482,0.0131214053750906,0.0135688661397099,0.00355379836076619,0.00359562568371508,0.00313735586709942
"prep_days",0.0076722787737019,0.00879808177089557,0.00913292555534373,0.00761563889215934,0.00861788762145841,0.0089560270187131,0.00234911509717375,0.00240294627141285,0.00207777361563865
"overall_win_pct",0.0151564038559181,0.0172220156280225,0.0179280875903021,0.0150170438989642,0.0168963037889497,0.0175863996031594,0.00454968302439798,0.00470092975122283,0.00410200847133089
"team_win_pct",0.0161294946499571,0.0184309045542211,0.0192411565474835,0.0161297846118639,0.0182335150361467,0.0189603382214198,0.00488610663215867,0.00506583869119157,0.00442027819403382
"prev_win_pct",0.0148447503892483,0.0169429077045192,0.0176120236312949,0.0146008749214302,0.0165110831919589,0.0171398392725314,0.00438573101003968,0.00456247901200828,0.00397187867734774
"prev_shotgun_rate",0.0268197627355983,0.0306825624187086,0.0320306918332124,0.0268337896537548,0.0304748447046821,0.0316623354592689,0.00817415514140234,0.00841436338264497,0.00735346725967819
"prev_singleback_rate",0.0221775499110838,0.0255097593954603,0.0265886869556583,0.0218290651817808,0.0248845085105414,0.025868156385011,0.00650938514031917,0.00676138033156583,0.00593662585357508
"prev_empty_rate",0.0138977041304394,0.0157108496558397,0.0163374818223398,0.013954676627195,0.0156709979003962,0.016253286879735,0.00426818117351757,0.00448088116931896,0.00394540907934687
"prev_iform_rate",0.0176555272373926,0.0200291077711647,0.0208993420911563,0.0176617511571009,0.0199377878443614,0.0207251146714279,0.00552193815427648,0.00587807671566205,0.00512318392091265
"prev_shotgun_success",0.0127144190433655,0.0144562214822865,0.0150418282678569,0.0128374690412635,0.0144247765359143,0.0149808217453451,0.00401921677574116,0.00421096658111634,0.00364451787709131
"prev_singleback_success",0.0127839889971844,0.0150106735491764,0.0157921190390781,0.0125807101063139,0.0146110548806152,0.0153122473299202,0.00423937064905772,0.00401940772964224,0.00353337745897266
"prev_empty_success",0.0124326398493963,0.0141884922846264,0.0147751292195398,0.01227395272715,0.0138985047143558,0.0144549781207597,0.00371372757699691,0.0038317443488148,0.00336003494039842
"prev_iform_success",0.0113306702301339,0.0130202939513545,0.0135217488181242,0.0112397972574632,0.012821122843407,0.0133094378102238,0.00343808767370575,0.00352435856322494,0.00307314193142244
"prev_stop_rate_run",0.0101292265415691,0.0114707159504054,0.0118975766079788,0.0102972043608347,0.0115926199130678,0.012022638467109,0.00296725300329232,0.00310453931394893,0.00271619842118738
"prev_stop_rate_pass",0.00908423492492131,0.0102655653226365,0.0106662698342812,0.00924395941906369,0.0104467959507868,0.0108540710728996,0.00276272806837642,0.00285376218403182,0.00249994955863088
"shotgun_rate",0.0151843256611676,0.0175300218714801,0.0182974208439998,0.0153991990380178,0.0174946924046689,0.0181959474760208,0.00511949635820674,0.00530659652467322,0.00466378771188918
"singleback_rate",0.0121431329316562,0.0139452265950259,0.0146186166255592,0.0123367937358315,0.0140214770168995,0.0146228700417956,0.00445455717471008,0.00463632874252239,0.0040299499095744
"empty_rate",0.0120964325810081,0.0139498791274371,0.0145803448828813,0.0121966410274428,0.0137999171700437,0.0143358674670917,0.00396910050531898,0.00413932212864305,0.00359880225411193
"iform_rate",0.0110252018092271,0.012660880121614,0.0132966542136985,0.0113005129634385,0.0127227894086151,0.013242342879162,0.0036648544993575,0.00390143253986932,0.00344599566985397
"shotgun_success",0.00935881655395788,0.0107506892192098,0.0112152127481121,0.00930806249347635,0.010645893027512,0.0110836810560877,0.00282363077824104,0.00297925610807456,0.00260994669891481
"singleback_success",0.0101395184832767,0.0115459948142664,0.0120194554951942,0.0101247436402452,0.0114795046274455,0.0118909954112898,0.00346869122372608,0.00360296392413444,0.00314875231405692
"empty_success",0.01028088777455,0.0117672435251126,0.0122023700655276,0.0103335650020571,0.0117653437170288,0.0122025646565211,0.00325654307237388,0.00334573087120913,0.00291884971390446
"iform_success",0.0103722641719784,0.011647065932998,0.0120700095365117,0.0103431131868828,0.0115599578313048,0.0119802492195259,0.00301402383813237,0.00313256861027684,0.0027434780955971
"def_stop_rate_run",0.00915238602151447,0.0104529444635904,0.0108759055678783,0.00929196164748958,0.0105626659368697,0.0109658271690852,0.00279146473950852,0.00293049340505646,0.00255179108100782
"def_stop_rate_pass",0.00919788542589616,0.0105913509414571,0.0110829682448967,0.00944258698793157,0.0106987194318042,0.0111237638186415,0.00288150943216114,0.00308318409980422,0.00269272699590122
"avg_pass_rushers",0.0101400508914451,0.0117045322344484,0.0121926874689595,0.0102375888967783,0.0116714090222372,0.0120685629129457,0.00296786696830463,0.0031766113526808,0.00276151016498105
"avg_box_defenders",0.0098310560175865,0.0112565209053855,0.0116946342175516,0.00987419213082561,0.0113181540714405,0.0117226374761027,0.00294814712222825,0.00307852804666774,0.00268260318627368
"cover0_rate",0.0104576140035452,0.012000052091743,0.0124922562047451,0.010541662318371,0.0120780729873923,0.0125491249534604,0.00313585783862043,0.00322964650980795,0.00284148399281692
"cover1_rate",0.0169647605107511,0.0195273856224159,0.0203132295283242,0.0168788422411471,0.0193617906193436,0.0200894490903933,0.00545932445120579,0.00551261657016657,0.00481081621615961
"cover2_rate",0.0125561992890659,0.014312157147446,0.0148545673952377,0.0126268185205327,0.0142595879103281,0.0147263915593541,0.00378166662793422,0.00386663626571323,0.00336606694267841
"cover3_rate",0.0171850725507493,0.0196602173707161,0.0204509458661434,0.0172448620093863,0.0196309455402853,0.0203781694408796,0.0055272594328537,0.00560850560151515,0.00491748400040728
"cover4_rate",0.012913363101275,0.014762969674651,0.0153632744587639,0.0130653707820704,0.0150217964464859,0.0155797983211695,0.00392670047475137,0.00395453119165533,0.00345478487979566
"cover6_rate",0.0115049069156407,0.0132062952352389,0.0137414347672746,0.0114866280948547,0.013087450476579,0.013583513124274,0.00344737594096919,0.00357573573666224,0.00312119635152246
"two_man_rate",0.00876026371049857,0.0101892976247106,0.0106726324867587,0.00875132857098417,0.0100041617244135,0.010430729307429,0.00269639937760005,0.00272037143701082,0.00235988816799185
"prevent_rate",0.00780392709383135,0.00965816370725627,0.010274577852392,0.007834780448424,0.00964920171105135,0.01025127570765,0.0025954014410414,0.00272142009126799,0.00234897031584402
"roof_outdoors",0.0247124750091855,0.0282474170116052,0.0293716517952888,0.0247225820824108,0.0280100031714609,0.0290908410419143,0.00744465002423977,0.00760200499687961,0.00657128408257711
"posteam_type_home",0.0159537540147799,0.0182133373808528,0.0189051150530228,0.01589720694965,0.0179461100566571,0.0186071647484475,0.00467518363551695,0.00487059095661614,0.00426387921173097
"down1_pct",0.0127199722873067,0.0146086929096756,0.0152034206633573,0.0126635774822125,0.0143155306586968,0.0148161188435395,0.00362750986263406,0.00389327789190367,0.00339128324993847
"down2_pct",0.0119407072225417,0.013734986126057,0.0143929373482682,0.0118571795310292,0.0134878647468122,0.014066495098078,0.00358053682018039,0.0038945772791609,0.00337278244014953
"down3_pct",0.0123943054352855,0.0141522307100552,0.0147573048027867,0.0124116348428284,0.0141432329977214,0.0147023264797692,0.00357023232762053,0.00387155535002417,0.00332300822974953
"down4_pct",0.010842931257277,0.0124699735699153,0.013027032416243,0.0108633343807621,0.0122487606202755,0.0127266672701292,0.00326960096146843,0.00346582872776901,0.00305332507363286
"defteam_prev_game_off_4th_success",0.0080684736978206,0.00913554150255884,0.00944536750556344,0.0080735952485639,0.00906039633554089,0.00933488532512953,0.00240753943791404,0.00241357751539623,0.0021181184362187
"defteam_prev_game_off_4th_fail",0.00807608335104878,0.00922084417917959,0.00955221644212132,0.0080270365883882,0.00905187971450637,0.00935107784304138,0.00239233837500433,0.00246179865369394,0.00215889649047399
"offense_formation_EMPTY",0.0450729290380024,0.0520085030769271,0.0540859016506765,0.045556738464517,0.052568880411116,0.0545663972784097,NA,NA,NA
"offense_formation_SHOTGUN",0.0392702149812481,0.0460518679575987,0.0480411650172806,0.0399030408258507,0.0466283724670583,0.0484280478092375,NA,NA,NA
"offense_formation_SINGLEBACK",0.0397001274156551,0.0467777770079578,0.0488325074531209,0.0401767993006343,0.047205113350213,0.0489795430298074,NA,NA,NA
"offense_formation_I_FORM",0.0449341537194722,0.0526066756931874,0.0549763670340615,0.0453276986792565,0.0527906599884411,0.0550370858751139,NA,NA,NA
"is_winning",0.0378896291149357,0.0430707283036602,0.0445679149983116,0.0380417152431286,0.0427876954878958,0.0441595375103275,0.00867310501205939,0.0100205573646358,0.00871700657482971
"is_losing",0.0339557146774049,0.0384313906910614,0.0395396120594212,0.0343859307871641,0.0384801720780482,0.0395444127754141,0.00802512122619251,0.00849360372762085,0.00749331959852809
"winning_score_diff",0.0129903836373158,0.0147688421177034,0.0153427049036207,0.0132046352971906,0.0150466745458459,0.0155689501672054,0.00393542515146031,0.00389485741598335,0.0033992826566772
"losing_score_diff",0.0133597928439425,0.0153712977793816,0.0159901160259131,0.0135740322133345,0.0156496530735016,0.016234097241087,0.00432208629609388,0.00379997978678076,0.00335937307396493
"yardline_1_10",0.0274360819712123,0.0299525308736164,0.0307667269915796,0.0279550001166493,0.0303528950657827,0.0311231310418299,0.0132377228677183,0.00670371700302288,0.00531640517715879
"yardline_11_20",0.0296675686807248,0.0344091984015603,0.0359159494785766,0.0301053316760189,0.0345224555281951,0.0358815492403003,0.0117338864802389,0.00502891368157459,0.00432232493271678
"yardline_21_30",0.0283704724692102,0.0322389921421226,0.0334728938964637,0.0284988939723002,0.0321175672213317,0.0332973192421011,0.0117126774629257,0.00543087485420372,0.00457857739517023
"yardline_41_50",0.0247869427740766,0.027741140476993,0.0287612583276765,0.0251007206769195,0.027936596342029,0.028924626764626,0.0116836161356331,0.00731280609824981,0.00611105140632634
"yardline_51_60",0.029576524067038,0.0342921955465135,0.0356094879765755,0.0299651136475391,0.034491569944056,0.0357209547962329,0.010830783792833,0.00489971208157856,0.00419966825508314
"yardline_61_70",0.0323166476774674,0.0368882626233467,0.0384530266090279,0.0323165696987209,0.0366297340998638,0.0380017684683901,0.0103254754678062,0.0043110833514431,0.00390957612110655
"yardline_71_80",0.0404854464428906,0.0465204998137804,0.0482760280965369,0.0403747489902899,0.0461895381643364,0.0481796607927162,0.00997834222042415,0.00420798049461861,0.00399543970500207
"yardline_81_90",0.0614825809249196,0.070461163502587,0.0682741533854436,0.0618772736461042,0.0703714568952293,0.0701932743599978,0.0112926047395226,0.00424037026341748,0.00378119987146954
"yardline_91_100",0.11869932757647,0.176118433819455,0.191789387242227,0.111569263958622,0.166749630591135,0.183210363552805,0.0151283385167899,0.00641461896364059,0.0053720305187364
"is_first_half",0.0199456580172877,0.0226970392812282,0.0234736204143661,0.0200223189489966,0.0225243514597144,0.0232814358357541,0.00505875576228755,0.00510209193827281,0.00463192355399649
"time_in_half",0.0105230666716738,0.0119336418499441,0.0123667702263224,0.0105615637466971,0.0118947673210806,0.0123223143257563,0.00306448140001087,0.00315880725008607,0.00279547533138033
"home_attendance",0.0774876605250087,0.0887412334414435,0.0923303667206886,0.0788913322453758,0.090051424941392,0.0928743630640299,0.021154433318499,0.0200268664069278,0.0164165129322348
"Chuck_Pagano",0.207032175909949,0.216987788642265,0.216068856608993,0.196233858735306,0.20897629567101,0.212255850166146,0.0493001708449876,0.0536390071524212,0.0438442049008318
"Bruce_Arians",0.170412523549883,0.177688109125258,0.177878793830411,0.162589414231278,0.167286244151936,0.167115302474616,0.0435330535303141,0.0399454261806031,0.0309373064415618
"Sean_McDermott",0.163482593246571,0.176749514023908,0.177961313769034,0.154063361309926,0.169110900331748,0.172969700051204,0.0420434799895685,0.0498742737624377,0.043038318648087
"Ron_Rivera",0.161113501471042,0.156383895110933,0.15218728433419,0.15197415154618,0.160506289396918,0.160965979333786,0.0407271981075137,0.0501289130970334,0.0440635312414372
"John_Fox",0.203068148309328,0.22117659382383,0.224423970411564,0.194722622535893,0.214057195752075,0.220303733311855,0.0520790430364471,0.0635602078343497,0.0522769373538869
"Dirk_Koetter",0.194190881410029,0.163274547970342,0.154596035755434,0.187770911098967,0.155678738618291,0.144105850366524,0.0461044595192313,0.0404951133460914,0.0308044174840864
"Hue_Jackson",0.189325253238114,0.210574147875427,0.214255833456885,0.180723786018529,0.200212608056239,0.204908277856463,0.0477480394571014,0.059454969976574,0.0515478465501498
"John_Harbaugh",0.170378974332165,0.174750749476962,0.173189537548796,0.160207247085547,0.166343117905421,0.166526426637835,0.0442861342442257,0.0582465129362208,0.0509580475582187
"Jason_Garrett",0.17381304344039,0.185370574051882,0.186353377753096,0.165812217266237,0.182588857602916,0.186707054658817,0.0457497587365181,0.0530537085237974,0.0461264958804741
"Vance_Joseph",0.174593222165765,0.179636435958113,0.177117341132648,0.167031043484661,0.178669824887295,0.179119502699716,0.0460779776518981,0.0671104478151979,0.0609021303916735
"Ben_McAdoo",0.203750939185194,0.224224236491948,0.229109087663732,0.196963622910508,0.215802817335565,0.222448104570405,0.0535974738433813,0.0632713493290214,0.0564611633713143
"Jim_Caldwell",0.184231192858753,0.161958583446041,0.168847588602265,0.180924201863474,0.181366933653676,0.192937956048754,0.050191534705868,0.0590777879133852,0.0501756448673923
"Mike_McCarthy",0.163043472569766,0.167072860640553,0.164367345677341,0.154494119477466,0.165322700594288,0.166781645977667,0.0413721798343832,0.0507621911433242,0.0444240544472639
"Dan_Quinn",0.17430088513719,0.182224974233933,0.182268614934751,0.167601238558835,0.179193961288029,0.1814527710348,0.0445045324498114,0.0467383952169773,0.0392428370029135
"Marvin_Lewis",0.187717856551557,0.193547577222529,0.187559663237759,0.178312581771645,0.186890218004188,0.184781601057468,0.0450508518996461,0.0594079836862315,0.0525026414452748
"Bill_OBrien",0.175112357554508,0.146649404183594,0.136692405521758,0.169917752854436,0.148922933579268,0.141109811419003,0.0425029887833347,0.0456411990513176,0.038106677583485
"Adam_Gase",0.168802717961477,0.187214297973283,0.190449709714658,0.158867789807122,0.174704346871214,0.179456568023727,0.042999815875529,0.044924314440915,0.0367434383629981
"Anthony_Lynn",0.169866622748063,0.169674863962799,0.16811719871115,0.162216831836702,0.172780868329636,0.174207026181688,0.0434265492478549,0.0542957249797635,0.0478671239030318
"Mike_Zimmer",0.16805765277251,0.170389400879469,0.167675516717427,0.159025597521122,0.168431142296799,0.169693624994829,0.0419240407976522,0.0503119559216922,0.0442685869153163
"Mike_Tomlin",0.161713016473414,0.168194267129657,0.166667817753228,0.153994722220819,0.162730893320972,0.163998478014358,0.0403921156012422,0.0405731410712875,0.0331264411523865
"Bill_Belichick",0.161681987443384,0.152978732983122,0.147607160674754,0.151890504241175,0.158372867728166,0.158615656355412,0.0405075118840465,0.0394691842081685,0.0308716206950095
"Sean_Payton",0.167589682249487,0.161504515221019,0.156531286215805,0.157005194245007,0.155184445419246,0.15128749427444,0.0426051798732541,0.047390118018327,0.0398388031536411
"Jack_Del_Rio",0.241246369662334,0.239338739600356,0.234745096394953,0.188871998322439,0.217687757461627,0.222552730981718,0.0711372157322354,0.114311724379178,0.121352240691106
"Todd_Bowles",0.169705470445322,0.169163149996131,0.165571900973559,0.159877132278161,0.162528448063945,0.160768192892695,0.0410469445360527,0.0432017675636014,0.0361703775740546
"Doug_Pederson",0.167231005932386,0.174680105381134,0.173789944940432,0.156838932123438,0.169431928752632,0.171785227012766,0.0429706686183522,0.055272346768768,0.0502751037889629
"Andy_Reid",0.171080801816989,0.161242308016958,0.154620796689399,0.16112487707617,0.16491158340182,0.164417914916908,0.0438972885076391,0.0462945118768159,0.0389487562900434
"Kyle_Shanahan",0.161250234212497,0.153264888855143,0.146824753540924,0.150821912521335,0.158349861234479,0.158836656386212,0.0393911334374382,0.0425756129071246,0.0363034599076349
"Pete_Carroll",0.166158791754456,0.17133375597823,0.169234145711643,0.155347849009137,0.159062427869939,0.158732287156106,0.0417433388240761,0.045756322354225,0.0382451965225793
"Mike_Mularkey",0.220249456079801,0.204349143032805,0.197987398369774,0.206888173099328,0.207447847706802,0.206919138446673,0.0505483260775128,0.0451409822449603,0.0411711167413288
"Doug_Marrone",0.168367695762353,0.184645250241538,0.186591051829956,0.159540963400532,0.173715724545162,0.176645684305816,0.0424496887522699,0.0473606390879705,0.0402221814024614
"Jay_Gruden",0.186880695683731,0.177498404786469,0.170957369846913,0.175667078200895,0.1779388982635,0.176820627113323,0.0461241169834543,0.0448683895488249,0.0380595821775921
"Sean_McVay",0.169392700340579,0.181566376539446,0.182402055670549,0.162116847687058,0.177298352960867,0.18073493065519,0.0419086606526087,0.0459650439070261,0.0388456263258837
"Steve_Spagnuolo",0.25037389346656,0.328173923839597,0.349242908457146,0.243897625886517,0.309554354437608,0.328672388855187,0.0749534952124145,0.0919316688548799,0.0763673547673703
"Steve_Wilks",0.188992407031685,0.189690271859431,0.189885229155854,0.1800999957911,0.195453413073211,0.1997202129997,0.0480728735752742,0.0563559741107227,0.0477317638880027
"Matt_Patricia",0.172530378930271,0.175590057180325,0.173496297775836,0.164936525005504,0.16319390648647,0.160855307918452,0.0443421495640049,0.0473433620882375,0.040789869703204
"Mike_Vrabel",0.163957815050311,0.149069913218682,0.141647400350541,0.155337141779314,0.154155676609429,0.151256845481162,0.0413456997610232,0.0451561957295814,0.0372085102875019
"Frank_Reich",0.167482018339466,0.170089494844863,0.166995600433266,0.157933641745053,0.165057846558139,0.165124433751883,0.0430912462525195,0.0539419294243712,0.0480107054737727
"Pat_Shurmur",0.178571254965967,0.165175169486482,0.157477315331009,0.171919088763508,0.178571423354608,0.178770633662308,0.0471885383352881,0.0601492683477956,0.0544456576833647
"Jon_Gruden",0.181071871133738,0.170127134686268,0.161210508253947,0.161442324275263,0.175589187130875,0.17857445216366,0.0535303853327798,0.0566565490792033,0.0497700711177778
"Matt_Nagy",0.164289868354444,0.156270594343123,0.148837949695986,0.155481979163816,0.160487921337155,0.158594516014724,0.0425146994507004,0.0500419652388628,0.0432364092247906
"Gregg_Williams",0.214170866568426,0.216225611117376,0.218598714018934,0.208739672877175,0.216017312259691,0.221113249018994,0.0653586573972248,0.0867362721899968,0.0845256920546685
"Joe_Philbin",0.251127869022218,0.247138894942325,0.243437795816648,0.251768965465493,0.261378969976336,0.262479634670129,0.0633233128504153,0.0513689726221346,0.0427410994823402
"Kliff_Kingsbury",0.167048272286919,0.160184310632285,0.155309142479677,0.159089092502895,0.166956845543147,0.167826122992679,0.04398572302452,0.0609801669188272,0.0563792826475505
"Vic_Fangio",0.166498397734079,0.161865530508015,0.15679129190112,0.15903591100784,0.155522000821916,0.15267483372147,0.0424982908876231,0.0463787280466553,0.0375972192200429
"Freddie_Kitchens",0.212620490200404,0.240510898318665,0.241421463342304,0.210274911799916,0.236744901004185,0.233284381202336,0.0519956589139995,0.0585382279333828,0.0544407940048273
"Matt_LaFleur",0.163199672595221,0.173766811474544,0.172836221206688,0.154095870778542,0.16455046602108,0.165930301995815,0.0432055961206896,0.0571370833916209,0.0526911160098357
"Brian_Flores",0.175906845629683,0.148054446817663,0.138363613152314,0.163653408953925,0.163127409667554,0.158915564379027,0.0438893481698207,0.0496590331931414,0.0421323254154694
"Zac_Taylor",0.167649161721676,0.163936844290263,0.161106266690226,0.160107949789188,0.162113023480151,0.161101275466537,0.0421715188378625,0.0436830563448423,0.0356173807669466
"Bill_Callahan",0.177908479722656,0.00847741076838675,0.0088560676997394,0.16996681831835,0.00844795365428372,0.00881003438331772,0.053943452647084,0.0370786620802551,0.0255562611387345
"Matt_Rhule",0.173254602181994,0.177967936506612,0.175842540544952,0.162459438517496,0.1753444625382,0.177690982368372,0.0475511988353381,0.0605577777623377,0.0532413448676763
"Kevin_Stefanski",0.164388966797289,0.181465638259425,0.183683452939613,0.152468227955452,0.165508190909085,0.168184463881291,0.0431249269367654,0.0597459616695541,0.0558648648617161
"Joe_Judge",0.1749075102449,0.148115821570631,0.135527534584717,0.165551130725401,0.162555828701514,0.156768663833993,0.0457797518185745,0.0436601708029233,0.0354846417285795
"Romeo_Crennel",0.21889156151626,0.242088065485497,0.247986103088467,0.216286925200055,0.23340907766467,0.238920739375581,0.0602974710950086,0.0476812351269491,0.0403480182550553
"Raheem_Morris",0.196803740882399,0.135278232008549,0.125462531554607,0.190911729039448,0.150265770094938,0.143238449297955,0.058849324423503,0.0652037345507862,0.0560484464341435
"Darrell_Bevell",0.22802728342455,0.229252641599142,0.228745723391395,0.223697842273576,0.243321416266922,0.24942155334231,0.0641417046504356,0.0459261196656017,0.0358773924969458
"Arthur_Smith",0.16992073413802,0.166062456035713,0.161270284986178,0.162142139185375,0.175676541493825,0.177405177618288,0.0442039873231198,0.0578209725456599,0.0523415940613454
"Brandon_Staley",0.166561665964958,0.166571007017982,0.161952042875153,0.156831174105869,0.16434797363674,0.16327578873504,0.0441594072911214,0.0625749323861473,0.0595288373430655
"Urban_Meyer",0.196395144328284,0.195277072869263,0.192531957248757,0.18751657119791,0.19233096993982,0.191580830838541,0.0579556824730409,0.0613590138571751,0.053470340613259
"Dan_Campbell",0.164822525244349,0.178961952847893,0.179407142394728,0.15595814912831,0.170838654857096,0.174696347787222,0.0443539671812114,0.0671674735896627,0.064350038302116
"David_Culley",0.197607353883006,0.218207135612859,0.222977064465089,0.185264597835565,0.204392806286046,0.210096124412918,0.0537604705550583,0.0581593925886418,0.0478674630341165
"Robert_Saleh",0.167623194594069,0.134464340933557,0.125980486158457,0.157478491546437,0.134093281436804,0.127205823259303,0.042856095567982,0.05615788987745,0.0512927444805492
"Nick_Sirianni",0.177558316203454,0.173369347851195,0.168926930747881,0.169055451197395,0.175554357590921,0.174455126298578,0.0486266228632054,0.072004965147101,0.06927663399758
"Rich_Bisaccia",0.178255910597293,0.0282434032359547,0.0335651748325872,0.171798728547053,0.0557747180078634,0.0590188233423146,0.0584616059868148,0.0594514147803889,0.0504228552626396
"Josh_McDaniels",0.175095764562473,0.122341733442391,0.109471119775135,0.168054624931998,0.137909482325271,0.125728703395477,0.0492214927634458,0.0529534831636723,0.0447891080416541
"Brian_Daboll",0.174821735918667,0.168416616274439,0.162512912619285,0.166699132420929,0.177585216501127,0.177575647496999,0.0456249090549969,0.0543404047156529,0.0460240960414919
"Matt_Eberflus",0.172612509405662,0.193814759392584,0.197783119824357,0.163543468894259,0.178798223773649,0.18445671066457,0.0461482099492837,0.0577718634949397,0.0514645106529088
"Lovie_Smith",0.187457809641296,0.176479304561295,0.174104658240153,0.180941793778881,0.171572141485545,0.164970287355716,0.050728607631639,0.0601624673734688,0.0549149250422708
"Nathaniel_Hackett",0.195199693640065,0.164915099367672,0.156581071176143,0.186674176967914,0.170404776738504,0.164070970728965,0.0510812655152503,0.0527273829705604,0.0461794045504302
"Mike_McDaniel",0.170101894584636,0.168536824014422,0.16510422497913,0.160929461104385,0.167512495394994,0.168307283115085,0.0468491423798764,0.0626611917419791,0.0599139559198512
"Kevin_OConnell",0.175038515514939,0.149894398094872,0.142285733990989,0.165882455959552,0.154001129682433,0.148394059241587,0.0453900418332526,0.0536419985177978,0.0496395372808
"Dennis_Allen",0.180401651802424,0.188173422440212,0.186433566966792,0.173794177661655,0.189063800769742,0.191860746574841,0.0456418902819279,0.0428038473271295,0.0346605879775313
"Jeff_Saturday",0.206576226580287,0.208351363307241,0.207772869264885,0.198849462995427,0.188330946436316,0.183258999602757,0.0662123599925933,0.0888435350991322,0.0815598987765602
"Jay_Rosburg",0.276880922167035,0.256541069100114,0.254329821500195,0.285213107713397,0.290076262039041,0.29294265570077,0.0886201529869339,0.0846262439276883,0.0742844600658755
"Shane_Steichen",0.188837250962586,0.161135195054387,0.150492484297936,0.17784178785672,0.175054556158307,0.171054415769778,0.0549593435381557,0.0773199090106832,0.0716858339177153
"Jonathan_Gannon",0.18401708605983,0.206666608144379,0.211190897906973,0.177096048608957,0.191328542714938,0.195715898911642,0.0533847657150466,0.0804842480899195,0.0820085787988929
"Antonio_Pierce",0.212190130771447,0.236401771876773,0.243330819407794,0.202151021868304,0.219823032698449,0.228600036086217,0.0627815299228096,0.0554894569517817,0.0440285938716988
"Chris_Tabor",0.196644011650414,0.250968756034238,0.266252578776335,0.191420363430012,0.224255220997783,0.232126252107251,0.0774097407024763,0.0995194587915344,0.0985085276800371
"year2018",0.114901982645107,0.130605327987096,0.135405778075377,0.113693281680704,0.129579758761986,0.134574399944241,0.0335658842834931,0.0419085618805185,0.0394522707894406
"year2019",0.115153752866932,0.131070832613924,0.135570371500769,0.114387424217228,0.130137672999651,0.134158364136478,0.033847489758097,0.0436924173939902,0.0417970333310236
"year2020",0.135374450768243,0.155398613295396,0.161785839977073,0.135369342234934,0.154869625324524,0.159948343440787,0.0395167602093146,0.0560461237869244,0.056724136246956
"year2021",0.117556797633264,0.134617585494467,0.139858782158135,0.116341653816502,0.131869514066758,0.136191638240302,0.0349951374257444,0.0473136724277308,0.0461187471406879
"year2022",0.115896865339046,0.132298003352488,0.137020354711803,0.115350826660476,0.130901875128873,0.134819839393361,0.0342270391998635,0.0445920173172501,0.0427738409582783
"year2023",0.114695857219098,0.131637853740593,0.13692677492923,0.113906335953869,0.130036454630134,0.134657941518251,0.033598458327272,0.0464673812053332,0.0455163636989616
"GIMR",0.00930641118690312,0.0122624386448367,0.0129001126237962,0.00935067287476337,0.0122809512209834,0.0129677063916782,NA,NA,NA
"QB_present",0.130040483088308,0.00846442375320221,0.00884558865374135,0.12018624294213,0.00843678339501839,0.0088022624402138,NA,NA,NA
"RB_present",0.0595663538020806,0.0678095845052254,0.0701763517719958,0.0664511955754165,0.0753008809364738,0.0780810738343798,NA,NA,NA
"WR1_present",0.0657033258730552,0.0783682346923754,0.0821064191019755,0.13101208432796,0.148785984207664,0.151728743839489,NA,NA,NA
"WR2_present",0.0320733207105132,0.0370505764871856,0.0382986215915229,0.105242347414666,0.118194218459962,0.121305106877821,NA,NA,NA
"WR3_present",0.0256809626353793,0.0294325745600981,0.0305852998620389,0.0690026366221716,0.0785579210888896,0.0817026002678387,NA,NA,NA
"TE1_present",0.0501274003150492,0.0556150852162972,0.0575868247508335,0.0936955269787457,0.106406234168465,0.111067004118065,NA,NA,NA
"QB_short_yards_12w",0.0129304236722825,0.0147376013897807,0.0153482368956661,0.0136417479102016,0.0155501537790496,0.0161374101580239,0.0038480445236716,0.00403838302861761,0.00354045613699607
"QB_medium_yards_12w",0.013217940030807,0.0153272280001447,0.0159454187133186,0.0136626207034828,0.0155881611043922,0.0162034690511332,0.00397323067632874,0.00419772277643522,0.00369804406651038
"QB_deep_yards_12w",0.0120253277604973,0.0138355236588005,0.0143637776345449,0.0115640035848409,0.0131937277863915,0.0137117262735154,0.00369471634755596,0.00386983219417306,0.00335072039059652
"RB_grades_pass_block_12w",0.00945415964038082,0.0109338101484771,0.0113817119056227,0.00922103748324018,0.010416565725828,0.0108615938991521,0.00285946152578892,0.00301610347982261,0.00260171121439074
"RB_yards_12w",0.00994147898473428,0.0113441771800298,0.011789223421229,0.00915009309536714,0.0104238515291216,0.0108216360972947,0.00312709682009416,0.0032395973311033,0.00285516067131083
"RB_short_yards_12w",0.00998122084892304,0.0114545402746699,0.0119237314096554,0.00963192584255425,0.0109369295028463,0.0113028460133718,0.00299740793541958,0.00307682705553201,0.00269938915160976
"RB_medium_yards_12w",0.00860429604116631,0.00973515589714368,0.0101076962162032,0.0077147870686116,0.00891921055336645,0.00926339328549688,0.0021920243156479,0.00279978291346311,0.00258494559772421
"RB_deep_yards_12w",0.00886032052634612,0.0102463019678586,0.0107320444941028,0.00869437785884025,0.0101983197044921,0.010505419305486,0.00258693556241437,0.00269066753701168,0.00238825287396031
"WR1_grades_run_block_12w",0.0150082818587086,0.0172417284646596,0.017836978786406,0.021214228627056,0.0241771556663515,0.0251440840752602,0.00448331504466813,0.00452385449181403,0.00400147214025593
"WR1_short_yards_12w",0.0104238414133473,0.0118268447813507,0.012291946088777,0.0106096037344851,0.0120300363625166,0.0124569873625726,0.00300021677839948,0.00315172119457912,0.00275438568285892
"WR1_medium_yards_12w",0.0109695565300969,0.0124678480883238,0.0129580831022558,0.0109679954121919,0.0123165407274352,0.0127344582463013,0.00323732873309409,0.00337231823162373,0.00297278932274343
"WR1_deep_yards_12w",0.00974530314516193,0.0112483283669925,0.0116818786813098,0.00993884281870459,0.0112554119735348,0.0116555226052109,0.00292761383654107,0.00305698570983471,0.00265004978649849
"WR2_grades_run_block_12w",0.015825309725447,0.0180503411773054,0.0187941797944626,0.0377063675127599,0.0432198684622242,0.044641371114278,0.00491251070269357,0.00523389810169059,0.00460074002584143
"WR2_short_yards_12w",0.0100022793141706,0.0114022755790613,0.0118473502678391,0.011646964346354,0.0130658492741403,0.013541286826686,0.0029548850281689,0.00305076688723209,0.00266619035624775
"WR2_medium_yards_12w",0.0108014037851135,0.0122919622838629,0.0127811658853752,0.0119510945122205,0.0134648657251267,0.0139672513311659,0.00318074671705591,0.00334629286364627,0.00292971923331083
"WR2_deep_yards_12w",0.00948357728361586,0.0108974819276744,0.0113558544660782,0.0101169706509512,0.0113796196607609,0.0118022914430597,0.00287040219111252,0.00300802748148959,0.00261956729279629
"WR3_grades_run_block_12w",0.0129476034601277,0.0154368992413777,0.0154555739562559,0.0294191018273652,0.0337215986546128,0.0351593775901691,0.00396377878814714,0.00429241713666509,0.00375937045923791
"WR3_short_yards_12w",0.0103819518746127,0.0117194121089139,0.0121579958619457,0.011627196726818,0.012956186208363,0.013347892649006,0.00304784498127347,0.00312863801955147,0.00275229620704227
"WR3_medium_yards_12w",0.0104162440092848,0.0118294521009889,0.0122905210898315,0.010821462374372,0.0120925661382577,0.0125067175100619,0.00313311378972068,0.00329843946670681,0.00287492819783794
"WR3_deep_yards_12w",0.00923409131414942,0.0104628933735252,0.0108647627723985,0.00992968264368303,0.0110340119115586,0.011348707646327,0.00280813040677895,0.00293866373601484,0.00255070053965193
"TE1_grades_pass_block_12w",0.0110940529912771,0.0129260846932151,0.0134619382430896,0.0114760014321651,0.0131225856789127,0.0136567837971828,0.00353308706189891,0.00350938562812677,0.00308124455179797
"TE1_grades_run_block_12w",0.0142073353442558,0.0160083062356692,0.0166557898798246,0.0157820825105463,0.0180976053952676,0.0189092498334904,0.0047388248493229,0.00507709444613262,0.00434971429142514
"TE1_short_yards_12w",0.0120904167277025,0.0138466705087713,0.0144356521121305,0.0111832196507418,0.0126219083033178,0.0130556385667848,0.00357552504725253,0.00372785563051585,0.00326687202351678
"TE1_medium_yards_12w",0.0111815761590977,0.0126721617173635,0.0131416715042971,0.0107067015467645,0.0121034233542156,0.0125532393195266,0.00336340813528386,0.00361422028752655,0.00320429033130431
"TE1_deep_yards_12w",0.00973108181296119,0.0112416677548562,0.01171873000052,0.00888488377618433,0.0102180694229097,0.010656991175393,0.00297161412542881,0.00303858617924212,0.00265530320797422
"OL1_grades_pass_block_12w",0.011743044756517,0.0132899797612242,0.0137794064536293,0.00957070302243425,0.0108679182860973,0.0112627605082216,0.00349345309074671,0.00353033190619705,0.00309445111381239
"OL1_grades_run_block_12w",0.0134651935151041,0.0151186175199397,0.0157103356905803,0.0103715760541789,0.011813030179257,0.0122303230421283,0.00401904890171374,0.00411603391631334,0.00365887986949747
"OL2_grades_pass_block_12w",0.0114950860367131,0.0130384383818198,0.013521606008582,0.00996645840080682,0.011271328329791,0.0117030540586872,0.00346657352248372,0.00350048712606185,0.00306414648028221
"OL2_grades_run_block_12w",0.0141959150263222,0.0162008692438226,0.0168524396080401,0.00971353473153194,0.0113394502760159,0.0117998942319188,0.00401198735957538,0.00409371727106872,0.0036040536431357
"OL3_grades_pass_block_12w",0.0110446044053142,0.0125514339590757,0.0130836256599539,0.00924129228287334,0.0107368836699141,0.0112268345880475,0.00345862028844107,0.00359545919768593,0.00313818733708267
"OL3_grades_run_block_12w",0.0140040111129345,0.0158600580872178,0.0164387635723814,0.00941611139637196,0.0111730466113904,0.0116843748933427,0.00412418977427563,0.00427854940960254,0.00379132874628332
"OL4_grades_pass_block_12w",0.0114938864619924,0.0130710385122738,0.0135733510855206,0.00951617626353954,0.0108878857730464,0.0113163422906828,0.00346548733317701,0.00347856414933452,0.00301720261683777
"OL4_grades_run_block_12w",0.0129491259925113,0.0149244777603943,0.015560763553509,0.00925122756500104,0.0104140414304299,0.010835284518283,0.00404806704481471,0.0040145177601028,0.00353946415753698
"OL5_grades_pass_block_12w",0.011544535554407,0.0131023349381927,0.0136129638622853,0.00999330481294628,0.0113595730078721,0.0118272190771911,0.00348966681937731,0.003633945024122,0.00318691230640862
"OL5_grades_run_block_12w",0.0128126311603287,0.0143640069989477,0.0148887930936468,0.00985211121990326,0.0111576280237407,0.0116087724674368,0.0039691200013931,0.00401801400483535,0.00350779069032071
"LB1_present",0.16747116184247,0.196466760702475,0.200972191489579,0.192205743888906,0.225681830487147,0.231473077156329,NA,NA,NA
"LB2_present",0.0309322523763725,0.0351158176172484,0.0364475416849207,0.0801412121512648,0.0895999301232129,0.0925549337243346,NA,NA,NA
"LB3_present",0.0204224868452626,0.0232889232799185,0.0242050278226054,0.0935651409794269,0.107048460681759,0.1111672190107,NA,NA,NA
"LB4_present",0.0208633703361617,0.0236937482148773,0.0245700700339809,0.131346754338217,0.154268171047198,0.160095134411103,NA,NA,NA
"CB1_present",0.0831579200733174,0.098324514055979,0.103415088463682,0.135217835425987,0.114789125015209,0.105797022144545,NA,NA,NA
"CB2_present",0.0391331467568421,0.0443607974345847,0.0459905138861397,0.0927201738038085,0.105061972238205,0.108137990188935,NA,NA,NA
"CB3_present",0.0208601180053575,0.0240717507008489,0.0249986297393262,0.0927759710677423,0.102980614218282,0.106068121399461,NA,NA,NA
"S1_present",0.0964837914302244,0.104605360999086,0.108425145380728,0.142089169993645,0.15469161170357,0.160363629579195,NA,NA,NA
"S2_present",0.0282022840111543,0.0319981682323983,0.0330904175718418,0.107145413576133,0.119706505166098,0.122552410109279,NA,NA,NA
"DL1_grades_defense_12w",0.00974160889136178,0.0111190931578111,0.0115846175829546,0.00809226125784474,0.00913097851886436,0.00947352160634928,0.00333858474342173,0.00343950737804024,0.0030160486340904
"DL2_grades_defense_12w",0.0100049255112869,0.0113211083037883,0.0117181782328077,0.00879859953664144,0.0102257005031856,0.0106870127834193,0.0033771426617414,0.00342000111875249,0.00298169674444696
"DL3_grades_defense_12w",0.0100757053325624,0.0114233367747813,0.0118835112403139,0.0125696167487456,0.0142527484833406,0.0146977451273631,0.00337999616964688,0.00343773570453203,0.00300726323334265
"DL4_grades_defense_12w",0.00920782113870169,0.0105610924604153,0.010936276495956,0.012787404185513,0.0144087654507851,0.0149429670646194,0.00279209545231874,0.0029348803073433,0.00258777338921194
"LB1_grades_defense_12w",0.0100544506907171,0.0114739070135305,0.01192272714076,0.00995789948876175,0.0112327686950544,0.0116149721744291,0.00348380172012202,0.00357551602075267,0.00312448972450728
"LB2_grades_defense_12w",0.0100966240533743,0.0114655747864364,0.0119256824258306,0.0215356119316763,0.0247840623250795,0.0258323634621541,0.003539400681532,0.00368229065448973,0.00318354454089625
"LB3_grades_defense_12w",0.00899689751283582,0.0100827993006324,0.0104956116352632,0.0457019938476645,0.0523314108280432,0.0543139440772041,0.00431962358376148,0.00450612321568605,0.00394132223965018
"LB4_grades_defense_12w",0.00847183487340901,0.00956987357737012,0.00992638229073324,0.0567893008166419,0.0673921899108011,0.070194405841627,0.00556819358661109,0.00581500618757462,0.00510480084392504
"CB1_grades_defense_12w",0.00999189433404413,0.0113355221270993,0.0118419975223204,0.0165438619836865,0.0188370880774315,0.019587261130107,0.00425034146719455,0.00435859570643759,0.00382158433978596
"CB2_grades_defense_12w",0.0105566394503907,0.0118756755650427,0.0123412066503153,0.0240893362019153,0.0275966105399907,0.0286904990568008,0.00425822664843159,0.0043808162162347,0.00382744744590457
"CB3_grades_defense_12w",0.00881505497655562,0.00979682355215124,0.0101263009828895,0.0438600879476911,0.048887377980663,0.050608930521436,0.00511347169369413,0.00527357604874555,0.00457787950240817
"S1_grades_defense_12w",0.0103522861979532,0.012033137225081,0.012553118587583,0.0131514117085847,0.0148829924807935,0.0154539540962768,0.00460787123786758,0.00479964964356466,0.00419182604726576
"S2_grades_defense_12w",0.0095563368282912,0.0108799430146736,0.0113839982042102,0.0338040651889549,0.0381440713235175,0.0394901948978073,0.00488576319793371,0.00512716529016201,0.00444926798849116
"S3_grades_defense_12w",0.0083772232662686,0.00947813946672619,0.00984992053816701,0.0102888030819182,0.0117098804441922,0.0121380499920783,0.00254250689193469,0.00263838597760623,0.00230185403900189
"RB_missing_information",0.0484592650394924,0.0550713655787254,0.0571659507002713,0.0516865600302217,0.0587870862719899,0.0611276790699011,0.0125427789629166,0.013897902252468,0.012070216456024
"WR1_missing_information",0.105788524096411,0.119580451618816,0.124219507172925,0.117847296740197,0.136288027647004,0.141009576192337,0.0443913448141268,0.0455098328115404,0.0422943710886237
"WR2_missing_information",0.0791602648753911,0.0946528421707256,0.0977830432093359,0.0891783870221787,0.106466979060854,0.109089793518917,0.0466677106399783,0.0427197883197405,0.0384971711682712
"WR3_missing_information",0.0408527415933848,0.0482543459120949,0.0500852604336126,0.0530284037403202,0.0605157195630785,0.0628330610295125,0.0197617576835437,0.0200924635799055,0.0177011345199711
"TE1_missing_information",0.0489438109801931,0.054330805692208,0.055946514882697,0.0640938125376713,0.0710619539119314,0.0736423578953038,0.0300551024876122,0.0293455976816821,0.0231867708195047
"LB1_missing_information",0.17840341579211,0.184102988328437,0.186189904046146,0.183312358458621,0.18905739064028,0.190750646533443,0.0620997760501234,0.0554213055744251,0.0463331055732669
"LB2_missing_information",0.0932689035033779,0.130496721989335,0.141057929853742,0.117435209858284,0.147244965684026,0.155768017297033,0.0725588283994311,0.0585661502649916,0.0555572398364455
"LB3_missing_information",0.0856650359339763,0.100645537928291,0.0950595734016519,0.12307963085122,0.144474571626803,0.143929695740623,0.0297817662742805,0.0362194436429722,0.0326083687312222
"LB4_missing_information",0.0930383583037633,0.104293124991501,0.109121010408603,0.157634928574793,0.18129555248202,0.186633387174369,0.0224315417936115,0.0246716604866483,0.0219247880869092
"CB1_missing_information",0.158216243406349,0.176854015979604,0.179317516549416,0.187463882994096,0.187662064061994,0.186886476991919,0.0553921060611541,0.0537829520708625,0.047702381562764
"CB2_missing_information",0.083158714706702,0.0904929473977443,0.0918340517424491,0.120380165065454,0.138175521836149,0.143184581563831,0.0544014415645225,0.0509082143474734,0.041560216150823
"CB3_missing_information",0.0527137988938504,0.0597113969839835,0.0610241931354789,0.102010406909795,0.100098157580073,0.0982199481692305,0.0264572825396901,0.0269003955264175,0.0235680331760338
"S1_missing_information",0.178586825412597,0.187076020706357,0.194003929921055,0.204486235712865,0.194942291400956,0.197836250302302,0.0556589122677487,0.0618688600633579,0.0526713933330515
"S2_missing_information",0.103367116764654,0.115247282057946,0.120586304885139,0.145856627502876,0.159173095661243,0.162003222725712,0.0426776782324281,0.0419601468023749,0.0380576848417584
"p_player_26_punting_grades_grades_punter_12w",NA,NA,NA,NA,NA,NA,0.00249697844443829,0.00224595270707089,0.00194870012819617
"k_player_25_field_goals_grades_grades_fgep_kicker_12w",NA,NA,NA,NA,NA,NA,0.00244258508101031,0.00229997900452121,0.00202670562035428
"QB_missing_information",0.300153472950344,0.264801945065655,0.241688383587437,NA,NA,NA,0.105673071530641,0.116619246593871,0.0986086388671347
