"","Starter OLS","Starter Probit","Starter Logit","Player OLS","Player Probit","Player Logit","Attempt OLS","Attempt Probit","Attempt Logit"
"ydstogo",1.80571830246466,1.73786321749619,1.73667573853683,1.83891555833674,1.77191148603601,1.76924501137309,1.13201728376939,NA,NA
"posteam_timeouts_remaining",1.64588581398727,1.62705244118367,1.62824625236115,1.63544911968394,1.61189044433573,1.61056817962448,1.45248822305962,NA,NA
"defteam_timeouts_remaining",1.58512071596288,1.57429100836176,1.5741145021091,1.5803495418345,1.57230393685503,1.57324466679678,1.51572161332076,NA,NA
"rush_attempt",1.99906534356487,1.96436918980348,1.95243332710835,1.99916662413941,1.96876239919355,1.9573211448145,NA,NA,NA
"week",2.0592228728295,2.06277466728292,2.06538806969833,2.03437032115714,2.03829225778111,2.04150926551079,1.55992318253721,NA,NA
"temp",2.30767875049251,2.315752996248,2.32161183965512,2.28937481841449,2.29554263289202,2.30380543741081,1.8640807198934,NA,NA
"wind",2.32615516511302,2.32940196416158,2.33994577990764,2.24477775374742,2.24795906658321,2.25316377621809,1.83809239746789,NA,NA
"vegas_wp",2.22711082814495,2.22514230232152,2.23164312667836,2.26835894962622,2.25744986377108,2.26004904982738,7.21154472575696,NA,NA
"spread_line",3.12627721290267,3.17226183847571,3.18672285898736,3.16523824691674,3.2008614054857,3.21274833122623,1.05081154365615,NA,NA
"total_line",3.39648670489808,3.37476023072959,3.3740842157387,3.35082512777707,3.3455321052798,3.35058137892052,2.09805422071199,NA,NA
"prep_days",1.22420562047575,1.22592415266734,1.22879334943954,1.21632702200229,1.21932829098122,1.22342277142843,1.03791721648458,NA,NA
"overall_win_pct",3.61482009516968,3.6380243979757,3.65251659150406,3.5350555597871,3.54486287761262,3.55699260952395,3.78456775884873,NA,NA
"team_win_pct",4.55458454082114,4.56621684090611,4.5660226720233,4.41479534685638,4.44080257174114,4.44537878412946,4.5432157324921,NA,NA
"prev_win_pct",2.57067155825175,2.59049836719493,2.60057118630654,2.35543894272102,2.37433327729559,2.38646281978165,3.55601506166338,NA,NA
"prev_shotgun_rate",6.65388205681736,6.77729924144317,6.7860824615746,6.31862048616997,6.41669225772247,6.44251791861021,12.0368765326876,NA,NA
"prev_singleback_rate",3.91821892810046,3.95514334767979,3.9567577720247,3.66082166308309,3.69664031960595,3.70500655335864,7.66471678625198,NA,NA
"prev_empty_rate",2.72683871337068,2.7549162952538,2.76933963996802,2.61945959862373,2.64152405978564,2.65435885847926,3.33605404020433,NA,NA
"prev_iform_rate",4.1344023436545,4.22064525936774,4.23355520630813,3.92902731494791,3.99711712025106,4.01871015370043,5.69504759734486,NA,NA
"prev_stop_rate_run",2.56079199609473,2.57161982347628,2.58706894376732,2.56439092584971,2.57615952577346,2.59101513520452,1.4813583773761,NA,NA
"prev_stop_rate_pass",2.1499781055186,2.16674034727504,2.17931860334991,2.2286449058995,2.25285503270045,2.2717137152064,1.3908256290824,NA,NA
"shotgun_rate",4.87573421705248,4.87904419002395,4.8900519721449,4.82726034309799,4.79062234070002,4.79239303640664,5.09163888519444,NA,NA
"singleback_rate",3.04580081806108,3.066357993252,3.07881606934539,2.9592738262014,2.9662016328322,2.97583530449129,3.6702899431747,NA,NA
"empty_rate",3.08575469138926,3.12466856229497,3.15430367790775,3.05345049866858,3.08100379649152,3.10572339268657,2.96435281966411,NA,NA
"iform_rate",2.45517148077276,2.47035864280705,2.4808714119259,2.43604548806594,2.44761463117064,2.45918026390671,2.56852103090147,NA,NA
"shotgun_success",1.73730521506186,1.74937130857218,1.75736764971857,1.67470930940212,1.68217861215535,1.68748844748724,1.50725232470294,NA,NA
"singleback_success",1.7851292689805,1.79809260965944,1.8092962546478,1.73759449003702,1.74494508612771,1.75197882119253,2.059837503675,NA,NA
"empty_success",1.91742412627724,1.93887243695908,1.94520181334405,1.85749015806002,1.88201954969012,1.88888957116384,2.00666364998456,NA,NA
"iform_success",1.8582375740111,1.87800663197632,1.89234148643571,1.83287330091242,1.84158391526317,1.85088964415101,1.76306338617412,NA,NA
"def_stop_rate_run",1.75175285912623,1.75098818068266,1.7541582993877,1.82395108644023,1.82986308983399,1.83513381874477,1.34667452973639,NA,NA
"def_stop_rate_pass",1.80753215522627,1.80415918149348,1.80623328447825,1.85058936168034,1.83960989230256,1.83647192512323,1.38449843218302,NA,NA
"avg_pass_rushers",2.48224073140366,2.47930279913409,2.48240788539572,2.55788125125903,2.54873481230033,2.54860269321987,1.55509559294164,NA,NA
"avg_box_defenders",2.32040597021047,2.33946798646764,2.35110212154258,2.42980346241211,2.43010783361711,2.43176074246416,1.47730767754851,NA,NA
"cover0_rate",2.66691108982421,2.67755610261262,2.68575236691486,2.93703542246719,2.94594244522755,2.95525885343679,1.72958709152278,NA,NA
"cover1_rate",6.37229760387158,6.28807870696497,6.28258549290777,6.76663376866885,6.62948361483337,6.60749178539125,1.97123813536115,NA,NA
"cover2_rate",3.5045869674897,3.50263720713007,3.51162332387657,3.87685979061099,3.8595607899322,3.86794556806926,1.43434862735859,NA,NA
"cover3_rate",6.64711044220694,6.62366815985583,6.64000560616899,7.38815028461846,7.29585759433712,7.28579627250079,1.64767297827635,NA,NA
"cover4_rate",3.77113515464281,3.78624611532585,3.80170779044107,4.0879030707029,4.07956341500803,4.08909379066864,1.52104539958074,NA,NA
"cover6_rate",3.12045908323544,3.12411277897321,3.13735598504355,3.16031352415692,3.14591083212293,3.15244170999402,1.47801997686114,NA,NA
"two_man_rate",1.81483462287063,1.82141661890191,1.82663564141256,1.87363314685985,1.86870077235273,1.86988185923397,1.34821000324577,NA,NA
"prevent_rate",1.52000179517233,1.53446629242457,1.5423540075378,1.51946411359557,1.52432526743579,1.5303361805289,1.21539469268046,NA,NA
"roof_outdoors",2.5273473463381,2.55697053489506,2.57429712232025,2.46635457241522,2.49195167107543,2.50549479284981,2.17398952370901,NA,NA
"posteam_type_home",1.24133217928789,1.25035052387727,1.25798523831092,1.21498907003809,1.22228563442648,1.22802821688223,1.06980451635294,NA,NA
"down1_pct",2.26104190694834,2.25944377929919,2.26627468614772,2.1659068958752,2.15689405051919,2.1589735724528,2.55678391515245,NA,NA
"down2_pct",2.29364732915816,2.33359212937876,2.34824447243569,2.18089026413779,2.20410533935175,2.21579353852125,2.34316795577326,NA,NA
"down3_pct",2.56846938134982,2.60874331903249,2.62366846533443,2.49867079192386,2.51650037081882,2.52540718947834,2.43605057400976,NA,NA
"down4_pct",2.38890148917429,2.39598618837522,2.4044108820172,2.3326314909961,2.33004746609494,2.33425538128741,2.17536215812416,NA,NA
"defteam_prev_game_off_4th_success",1.27823232793526,1.2871247998234,1.29368867841322,1.25606065410392,1.26195383459194,1.26787742745647,1.10751857400551,NA,NA
"defteam_prev_game_off_4th_fail",1.29337126083139,1.29830620315338,1.301789534956,1.27477882417585,1.28008548534297,1.28378899940821,1.10709460749841,NA,NA
"offense_formation_EMPTY",4.05211149845239,4.11414199777967,4.17385396831217,4.03292567340761,4.10759791998751,4.17109096931947,NA,NA,NA
"offense_formation_SHOTGUN",7.4165123362318,7.55236413493127,7.65731972269168,7.39133127959726,7.54290931006924,7.65176461561092,NA,NA,NA
"offense_formation_SINGLEBACK",4.24205499204492,4.30913141331898,4.3532497459417,4.23404082523731,4.31068368724741,4.35223643478491,NA,NA,NA
"offense_formation_I_FORM",2.76117167397041,2.79834515123067,2.82478712619644,2.7513053841757,2.79763125669276,2.82711057944679,NA,NA,NA
"yardline_1_10",1.82855447855831,1.83962974794984,1.84826941103581,1.83714294966091,1.84313536810584,1.84918925307346,1.7020518924874,NA,NA
"yardline_11_20",1.49000758236812,1.48447125590551,1.48219901103649,1.49028989125353,1.48117608630167,1.47703398854982,1.71995518108042,NA,NA
"yardline_21_30",1.54053928741009,1.53415880018615,1.53436290082058,1.53707545278112,1.5284736682653,1.52681071808156,1.76017690215578,NA,NA
"yardline_41_50",1.69874835740483,1.68922029407361,1.68823051155433,1.70066389467276,1.68571533984731,1.68265655195334,1.89788753798299,NA,NA
"yardline_51_60",1.5675392662482,1.55318534926058,1.54997057813911,1.57004393280718,1.55064950794936,1.54487677010337,2.03269402548105,NA,NA
"yardline_61_70",1.54217146368569,1.53027661181151,1.52647379411495,1.53859911905853,1.52744754687978,1.52452010244859,2.19185340354139,NA,NA
"yardline_71_80",1.36428041046779,1.36178203548636,1.36475878825453,1.36688798253232,1.36113277963096,1.3634783285178,2.17862033845983,NA,NA
"yardline_81_90",1.23615536085622,1.214087574798,1.21521999428478,1.23174450302508,1.21309636618629,1.21479731840977,1.65885755073874,NA,NA
"yardline_91_100",1.14953608629721,1.10818206855177,1.11138808072434,1.14903541300713,1.11248270885917,1.11667965684708,1.2282944872833,NA,NA
"year2017_team_ARI",2.41742322340635,2.48122819188986,2.5081315810298,2.46341563417979,2.46937081759128,2.47183023212098,NA,NA,NA
"year2017_team_BUF",2.50347700938484,2.45844349615012,2.39950932088809,2.57786570563653,2.48799384868694,2.38996920818814,NA,NA,NA
"year2017_team_CHI",3.26838449901535,3.30756016487152,3.3123808169341,3.3102537408872,3.30460756294651,3.30258548345017,NA,NA,NA
"year2017_team_CLE",2.86686655763294,2.81427438346129,2.77778606208639,2.85712012001751,2.85746388428103,2.83585100336222,NA,NA,NA
"year2017_team_DAL",2.76661701669861,2.67727905038396,2.63711419050959,2.89636704118511,2.80276361099268,2.76673913045611,NA,NA,NA
"year2017_team_DET",2.15174928418146,1.98539926492008,1.91986122412649,2.23990946549953,2.05593098685377,1.99408196827729,NA,NA,NA
"year2017_team_GB",3.38449444977332,3.05538351046829,2.90642068145656,3.44387880855641,3.05233846160235,2.91104352817581,NA,NA,NA
"year2017_team_HOU",1.78947955901474,1.62559322183279,1.57171444911896,1.79888813996392,1.66501965093353,1.6171269660189,NA,NA,NA
"year2017_team_MIA",3.18392939842232,2.89042132759235,2.7621613881872,3.32867727405292,3.03824138858448,2.91957683487424,NA,NA,NA
"year2017_team_MIN",2.66424286081154,2.55979869203032,2.50066259326,2.77440849733659,2.6329618344084,2.56182909235093,NA,NA,NA
"year2017_team_NE",2.81660343712375,2.88230568777903,2.88843446568792,2.92835008962161,3.00233682618489,3.02018717475611,NA,NA,NA
"year2017_team_SF",2.08218974000821,1.65687871948191,1.55131704111409,2.11937740519635,1.68992702401272,1.5706469801506,NA,NA,NA
"year2017_team_BAL",2.54972332312016,2.43298705564983,2.41389849758555,2.53239405076671,2.41382365061717,2.38404400019551,NA,NA,NA
"year2017_team_DEN",2.77338785822682,2.77352202780734,2.81774779950439,2.86877369723393,2.83725622609941,2.87271576884373,NA,NA,NA
"year2017_team_LA",2.55675994435868,2.47579624172117,2.44156455728758,2.66097120581496,2.58996568005609,2.56956299097519,NA,NA,NA
"year2017_team_NYG",3.30355174101838,3.35263970871328,3.36752424616526,3.33296614917905,3.39119798618976,3.42404657316597,NA,NA,NA
"year2017_team_OAK",3.10897604524157,3.01428695933791,2.99224098633219,2.89033483473467,2.8007817389488,2.78336921896703,NA,NA,NA
"year2017_team_SEA",2.16529286888288,2.18564427318988,2.22094232955807,2.25848003323193,2.23160614902157,2.23655108496682,NA,NA,NA
"year2017_team_CAR",1.95299450667608,2.02602249720199,2.04930924343164,2.01825651037879,2.08155286664329,2.10880002100097,NA,NA,NA
"year2017_team_CIN",2.52946485013847,2.62515120682709,2.66085261108282,2.62618897161803,2.73647940450946,2.7831270278872,NA,NA,NA
"year2017_team_IND",2.92972448088421,2.95416339072672,2.95268111589581,2.99746997494313,3.036129137272,3.03934360262399,NA,NA,NA
"year2017_team_NO",2.061223696009,2.0400813471915,1.99437346891417,2.11272480565388,2.05433936876078,2.02094944763214,NA,NA,NA
"year2017_team_PHI",2.60188895463608,2.63898087435501,2.64909994136405,2.68734995601825,2.73891306958367,2.75442860741072,NA,NA,NA
"year2017_team_PIT",1.89386509104223,1.51057522128268,1.45015039947657,1.9638487416148,1.52647099946917,1.46128032800237,NA,NA,NA
"year2017_team_TEN",1.93631510271388,2.00810246869545,2.0449194531295,1.97131476670142,2.00237873437969,2.01228199179792,NA,NA,NA
"year2017_team_WAS",1.92967138043875,1.95201009111713,1.95845247494672,2.00689878473313,2.06180372792668,2.08626341953278,NA,NA,NA
"year2017_team_KC",2.12206138588198,2.04870334898559,2.02256184865626,2.17156237183725,2.1228482759537,2.09561559618117,NA,NA,NA
"year2017_team_LAC",2.22471213699995,2.28318069315133,2.31032505934696,2.30251908994736,2.33632163814539,2.34391722695313,NA,NA,NA
"year2017_team_NYJ",2.06314480979186,2.16055682541962,2.20661145792402,2.10426090393134,2.17610445323539,2.20361738305644,NA,NA,NA
"year2017_team_TB",1.87747342674236,1.91814014956726,1.93697047779047,1.95600440908467,1.99814911575486,2.00297330660205,NA,NA,NA
"year2017_team_ATL",2.35706011699405,2.46141201790283,2.5099482167102,2.48880127570488,2.57089103495192,2.60943143140232,NA,NA,NA
"year2017_team_JAX",2.04564990822687,2.04325688179779,2.04001478237066,2.09362426990735,2.15277051013423,2.17500106572129,NA,NA,NA
"year2018_team_ARI",1.96408720881193,2.00873920062177,2.02675113294245,1.94869426487048,1.96436318790128,1.96829183134878,NA,NA,NA
"year2018_team_BAL",2.07191022416738,2.05379823503392,2.03386374781858,2.07143632132593,2.06101300399621,2.03834317938256,NA,NA,NA
"year2018_team_CAR",1.81755975003165,1.82362465067962,1.81820254717353,1.80440462136159,1.84614559659672,1.85494729199727,NA,NA,NA
"year2018_team_CLE",2.10010464740023,2.12726481680341,2.1353158413228,2.0946440039832,2.14174059931844,2.15639136251005,NA,NA,NA
"year2018_team_DET",1.88848575537799,1.8125643654938,1.79280549075046,1.81780684839599,1.76647208573742,1.72693464273839,NA,NA,NA
"year2018_team_HOU",1.67980152945818,1.65869080286164,1.64123097895329,1.73140322195782,1.70646885176516,1.68885439533471,NA,NA,NA
"year2018_team_IND",1.86027093523637,1.890649122695,1.905227155529,1.83738132673621,1.88636114013362,1.90981182435704,NA,NA,NA
"year2018_team_KC",1.87108491493586,1.70037563523588,1.61925285891077,1.86910583150799,1.68137895683138,1.59672959262982,NA,NA,NA
"year2018_team_NYG",1.57070845642316,1.5502887342131,1.52184636453197,1.55537109260878,1.53382814982243,1.50894700032796,NA,NA,NA
"year2018_team_OAK",1.72388997366157,1.77598734384462,1.79613571336203,1.58511782332813,1.63941383830295,1.66093429382546,NA,NA,NA
"year2018_team_PHI",2.03010511842482,2.09948013016541,2.12408401657877,2.00277970024171,2.05695241780382,2.06913517758982,NA,NA,NA
"year2018_team_SEA",1.46344172754271,1.49563700603023,1.51252922056226,1.45296171207166,1.47301144978654,1.48663740662114,NA,NA,NA
"year2018_team_BUF",1.56863124801578,1.57980246740219,1.58407638247963,1.55741912625542,1.58927630910303,1.59985618526686,NA,NA,NA
"year2018_team_CHI",2.11627882205068,2.11575433828551,2.10678397179869,2.04680656195316,2.07629606291214,2.0745909836497,NA,NA,NA
"year2018_team_CIN",1.5887363757452,1.6363836437542,1.6575964510069,1.61458169206795,1.67494513160981,1.70275196478123,NA,NA,NA
"year2018_team_DAL",1.86073937422975,1.82228309929443,1.79741677555933,1.84876305715385,1.84063136060289,1.82432468788622,NA,NA,NA
"year2018_team_DEN",1.7720629458963,1.80267269660537,1.81160234843491,1.73031405327726,1.74394255987648,1.74067236953847,NA,NA,NA
"year2018_team_GB",1.68422215003006,1.70066448692604,1.70156029619649,1.64247345211197,1.66060330927292,1.65869042140012,NA,NA,NA
"year2018_team_LAC",1.71346228013896,1.72885063738773,1.73475534842778,1.69989294796998,1.72210244005903,1.72694341097477,NA,NA,NA
"year2018_team_NE",1.609972492482,1.62581976716892,1.63173587209201,1.60099092735038,1.62756497282634,1.63906535871883,NA,NA,NA
"year2018_team_NO",1.86662057922394,1.84760984425171,1.83533670411432,1.85668205978093,1.85991696432743,1.85768144867648,NA,NA,NA
"year2018_team_PIT",1.45625227798836,1.47647756834334,1.47532033186581,1.42401229780781,1.43504423716453,1.43239710577132,NA,NA,NA
"year2018_team_SF",1.50871868457751,1.45088696511721,1.41695279410702,1.51691392897931,1.44107213782715,1.41408008419565,NA,NA,NA
"year2018_team_MIA",1.68843436001769,1.68378426677382,1.67501228565074,1.69882554372218,1.68925593735419,1.66817760870862,NA,NA,NA
"year2018_team_MIN",1.74752899713788,1.80375897214229,1.82546399747654,1.71603007186445,1.75345346243768,1.76224687685407,NA,NA,NA
"year2018_team_NYJ",1.28622056510362,1.24887038509994,1.22175354356649,1.31007693055655,1.27401637677427,1.23814558607302,NA,NA,NA
"year2018_team_TB",1.6697516698978,1.69560043584312,1.69664536165798,1.67348593577762,1.70521746522394,1.70739719123475,NA,NA,NA
"year2018_team_ATL",2.07638447756887,2.1224292007161,2.13406931364123,1.99882989222322,2.04454676394033,2.05022302394243,NA,NA,NA
"year2018_team_JAX",1.83702920328008,1.86669523510942,1.86931135142108,1.80411686745823,1.84674020566277,1.85599226141529,NA,NA,NA
"year2018_team_LA",1.54589103775091,1.55977664566949,1.56830843565412,1.5516816346519,1.56688656485572,1.57938504621998,NA,NA,NA
"year2018_team_TEN",1.44608433677773,1.42116049583641,1.41002583513469,1.4490667415189,1.42996038762019,1.41012882269253,NA,NA,NA
"year2018_team_WAS",1.51436833283004,1.55022187447706,1.56347762873798,1.47908928113001,1.51573215723831,1.52979136405246,NA,NA,NA
"year2019_team_ARI",1.7762860300519,1.71902120596319,1.73401158684626,1.78689930837773,1.78211281610987,1.80823038029911,NA,NA,NA
"year2019_team_BUF",2.05000390715945,2.08503821188392,2.09938377238332,2.0750482685245,2.11231822333822,2.12813856472419,NA,NA,NA
"year2019_team_CHI",1.96774362051896,2.00348608405045,2.01592058390885,1.97058049543398,2.02199717484797,2.04348848188086,NA,NA,NA
"year2019_team_CLE",1.68210853514611,1.70107200943099,1.70434961724139,1.67794827247494,1.68985166643935,1.68539561684525,NA,NA,NA
"year2019_team_DAL",1.64304731144197,1.66715429969543,1.67691136548167,1.62472473318644,1.64902349555145,1.65450907208156,NA,NA,NA
"year2019_team_IND",1.95709396724079,1.99981779309441,2.01365286510039,1.88784983790318,1.94315058908385,1.9611753854584,NA,NA,NA
"year2019_team_JAX",1.87323026477413,1.884089993685,1.89162759889729,1.77591735966182,1.77953979279477,1.76953725183307,NA,NA,NA
"year2019_team_KC",1.7486153810309,1.74482899956942,1.74257692573233,1.73228097177752,1.71839821005468,1.71439543193672,NA,NA,NA
"year2019_team_LAC",1.77444765816381,1.79416003484513,1.79047693792057,1.75445472712371,1.77917365158395,1.7784365158263,NA,NA,NA
"year2019_team_MIN",1.89788767460248,1.92788222248354,1.94098493220296,1.89851106539664,1.93800793001141,1.95068558173405,NA,NA,NA
"year2019_team_NE",1.96624541818581,1.98838646471192,1.99388202604405,1.92724044416591,1.93156577904771,1.93808210659632,NA,NA,NA
"year2019_team_NO",1.88726371480692,1.90122047849052,1.88372735786123,1.86843588589754,1.89059450337288,1.87627683779821,NA,NA,NA
"year2019_team_PHI",1.97521424105694,2.01632536890581,2.02494224787977,1.94170036059635,1.96553109927682,1.96104306707996,NA,NA,NA
"year2019_team_SEA",1.47296381337954,1.48259028812894,1.48153501274837,1.46536275088925,1.48792532326876,1.49032676535388,NA,NA,NA
"year2019_team_SF",2.00519317991127,2.08163709847154,2.10628736839055,1.98178833800892,2.04849349230441,2.06776292660218,NA,NA,NA
"year2019_team_TB",1.93848177337421,1.93790950488068,1.94503537171102,1.92417003475897,1.94934839549079,1.96579160622429,NA,NA,NA
"year2019_team_BAL",1.85462289437056,1.86141241236059,1.84855787418071,1.83754724121076,1.82362477047133,1.79866598343038,NA,NA,NA
"year2019_team_CAR",1.66537804713134,1.69428208925169,1.70171158949775,1.60993509044543,1.63378880461886,1.63077557122041,NA,NA,NA
"year2019_team_DEN",1.7890065419727,1.73553536491648,1.71263463152629,1.76360147815997,1.73759582495349,1.71747647949642,NA,NA,NA
"year2019_team_DET",1.67382275496741,1.65727863553002,1.65389385031895,1.63538828195338,1.63971707458361,1.63762112153499,NA,NA,NA
"year2019_team_HOU",1.89180496814007,1.91431388942394,1.91601691363878,1.86442305123954,1.88112135346577,1.87765947470622,NA,NA,NA
"year2019_team_LA",1.5414175322887,1.55271157748464,1.55442670300567,1.52362664968309,1.56130206919728,1.57310001606108,NA,NA,NA
"year2019_team_MIA",1.8296619900232,1.74486913061821,1.68986166538273,1.8226228405608,1.75108966419752,1.71230255109948,NA,NA,NA
"year2019_team_NYG",1.78418700922077,1.7932217017747,1.78600243944062,1.76062461773093,1.76947093041609,1.76001963069575,NA,NA,NA
"year2019_team_NYJ",1.69316895756074,1.61430196034107,1.57676532600745,1.68855248930285,1.66606041546634,1.65403182785172,NA,NA,NA
"year2019_team_OAK",2.11759644590096,2.22198757144945,2.27053878062659,1.82109167993844,1.87576227174074,1.88821138447109,NA,NA,NA
"year2019_team_PIT",1.44223319934599,1.23076966711959,1.19731628500004,1.43566822316953,1.22018176434073,1.18831810654475,NA,NA,NA
"year2019_team_TEN",1.8063379665036,1.81656754520792,1.81422140187909,1.77558818276507,1.79896034988346,1.81042854452959,NA,NA,NA
"year2019_team_CIN",1.93512915016431,1.97569793698578,1.98296458335465,1.93298993700018,1.96623013771649,1.96963509556654,NA,NA,NA
"year2019_team_WAS",1.77436867429037,1.80316876934978,1.79878188004295,1.80044043430668,1.84857528883413,1.85657424794916,NA,NA,NA
"year2019_team_ATL",1.79153927670534,1.82877194345172,1.8351620003896,1.75181816204948,1.78785385941765,1.79129188458875,NA,NA,NA
"year2019_team_GB",1.71897284621832,1.74550789355649,1.75028575144307,1.71648595286786,1.72748097025967,1.72357630692453,NA,NA,NA
"year2020_team_ATL",2.76804924395108,2.8339201309999,2.83013764874259,2.72934977305841,2.82274442561705,2.83739158566806,NA,NA,NA
"year2020_team_BAL",3.14738372293063,3.1732055138394,3.16807396564258,3.08635218740223,3.15238326738889,3.15927072885535,NA,NA,NA
"year2020_team_BUF",2.08343097408934,2.16888581144127,2.20661683008063,2.04599632038469,2.12317893416942,2.15595293544226,NA,NA,NA
"year2020_team_CAR",1.98415224481907,1.89640397355556,1.84981272485515,1.95994703768404,1.88465016274201,1.83833069302336,NA,NA,NA
"year2020_team_CIN",2.64943145599403,2.52421695499384,2.46275296293032,2.66816851320729,2.61556608548167,2.57702784157686,NA,NA,NA
"year2020_team_DEN",2.10552158441053,2.18010996555839,2.22654810374797,2.09635713642261,2.1718464881472,2.20819435850409,NA,NA,NA
"year2020_team_DET",2.32292621493645,2.33302847380375,2.32359463119159,2.34956928436685,2.39995788222273,2.41135881846193,NA,NA,NA
"year2020_team_JAX",2.57708194865087,2.50930029271768,2.52607878493026,2.47322833874799,2.48261999037718,2.51217888698315,NA,NA,NA
"year2020_team_KC",2.0979920429475,2.080319470753,2.06244437865308,2.06026671488644,2.06846029155955,2.07453334657838,NA,NA,NA
"year2020_team_LA",2.23800300845248,2.24543151585716,2.24748102570367,2.19064653138465,2.209085236847,2.19181751498946,NA,NA,NA
"year2020_team_MIN",3.09093670331821,2.86454659322467,2.79400493174502,3.05814575749476,2.90253794539902,2.85356313391735,NA,NA,NA
"year2020_team_NE",2.52237179901285,2.61181662249509,2.64274893666053,2.4816120316647,2.56246936139063,2.58772222545393,NA,NA,NA
"year2020_team_NO",3.18398705128187,3.21777734115482,3.19306277499716,3.17974064615351,3.23754946657079,3.21680680882938,NA,NA,NA
"year2020_team_NYG",2.32715873100107,2.24725180479271,2.18525800032609,2.29287191804335,2.25612931133325,2.20998862473948,NA,NA,NA
"year2020_team_SF",2.05007020147978,2.10717282998583,2.11621046136882,2.01874996765355,2.08740474874211,2.10672998001174,NA,NA,NA
"year2020_team_WAS",2.21311047636547,2.20806037838914,2.20535912990126,2.17947711117384,2.18079424257737,2.17377029422794,NA,NA,NA
"year2020_team_CHI",2.37232094255829,2.30685826174827,2.29049943246297,2.32074298032198,2.28588826457163,2.27742309016637,NA,NA,NA
"year2020_team_DAL",2.86551351493515,2.8084772600395,2.77224180535337,2.87413860396311,2.87300212217115,2.86662331308073,NA,NA,NA
"year2020_team_GB",2.17676672252186,2.18957824264091,2.17733489639053,2.11410976719745,2.15993734781927,2.16941733509254,NA,NA,NA
"year2020_team_HOU",2.21626168693362,2.27104201798872,2.29095683046604,2.2053625239442,2.2783308535269,2.30154777365195,NA,NA,NA
"year2020_team_MIA",2.46945269009206,2.36986086159981,2.35152801944969,2.36714544796839,2.36429523696114,2.3713081133429,NA,NA,NA
"year2020_team_NYJ",2.03855526740203,2.10214794467805,2.11295955738334,2.01238083003001,2.10457553674995,2.13956993818572,NA,NA,NA
"year2020_team_TB",2.31060883396057,2.34856082318812,2.34712030695418,2.2913239136142,2.31984604046131,2.31824548880314,NA,NA,NA
"year2020_team_TEN",2.12210684468509,2.16259210320582,2.1579393789789,2.1113235318021,2.13898980348994,2.14512383196331,NA,NA,NA
"year2020_team_ARI",2.14567633049277,2.08486776207405,2.04046445115489,2.10963604838856,2.08912961654607,2.05974916640287,NA,NA,NA
"year2020_team_CLE",2.34059245061148,2.4491919764808,2.50040248597151,2.35862708347255,2.48001414286868,2.53417253713429,NA,NA,NA
"year2020_team_IND",2.15281218108459,2.20596967913418,2.21851839702478,2.10227081038758,2.12447428092013,2.11251760371609,NA,NA,NA
"year2020_team_LAC",2.24132962860865,2.18032532974274,2.18866611285435,2.18746844520113,2.12809939626433,2.1163344352288,NA,NA,NA
"year2020_team_PHI",2.49547706481956,2.43948003302297,2.38997055520124,2.44049550832253,2.42449955842466,2.39241028219772,NA,NA,NA
"year2020_team_SEA",2.23672155823214,2.22514659456332,2.23903599850946,2.21327747648329,2.20798516853388,2.25101470496114,NA,NA,NA
"year2020_team_LV",2.22757251715361,2.06117539709902,1.98800952564174,2.21209165236547,2.06994083645784,2.00236206903788,NA,NA,NA
"year2020_team_PIT",1.81009789854479,1.81274277436537,1.81460352284224,1.78453508230633,1.79197061324868,1.79175870749249,NA,NA,NA
"year2021_team_ATL",2.11784029458657,2.08462871135705,2.08839873974328,2.06440815569021,2.05133384260229,2.05294754239545,NA,NA,NA
"year2021_team_BUF",2.3576451384224,2.39746181414278,2.40892349382351,2.2846875884614,2.34669125511174,2.36315479041081,NA,NA,NA
"year2021_team_CIN",1.81185883159268,1.71226909803869,1.68145470429856,1.77161171475649,1.69791837734757,1.68503150713575,NA,NA,NA
"year2021_team_DAL",1.88967139796963,1.87249381015908,1.85835335949273,1.91887566508058,1.92505488685104,1.92839012894777,NA,NA,NA
"year2021_team_DEN",2.20176379482816,2.27198919054101,2.29746098879665,2.14919192536216,2.23393127656199,2.26141763819249,NA,NA,NA
"year2021_team_DET",2.13528180065759,2.19204884149997,2.20664402640416,2.11842774849214,2.18897416401791,2.20650942915417,NA,NA,NA
"year2021_team_KC",1.98726753208593,1.98901539759552,1.97586461148686,1.99118020866806,2.01124888809289,2.00485536325277,NA,NA,NA
"year2021_team_LA",2.17669800955322,2.19174752769988,2.18209955682385,2.14795425797949,2.17052761938633,2.1602035237009,NA,NA,NA
"year2021_team_LV",1.70095827682982,1.69753187519073,1.69974364925763,1.70274429384129,1.70368350766964,1.69409329798577,NA,NA,NA
"year2021_team_MIN",2.25228991209833,2.30660951764816,2.31250097218538,2.17115179876574,2.25113469648152,2.27343899900249,NA,NA,NA
"year2021_team_NE",1.97241097744792,1.89619519706282,1.85637489883577,1.9659388502876,1.93263518425996,1.8956782568909,NA,NA,NA
"year2021_team_NO",1.91285980712798,1.90586113021996,1.90066470149833,1.91541617651323,1.91370739461575,1.90957212397181,NA,NA,NA
"year2021_team_NYG",2.04464811926616,1.98278626657906,1.96081362476617,2.01277079218235,1.97492551676964,1.96095590493105,NA,NA,NA
"year2021_team_SF",1.77117496222107,1.81969313332541,1.83579465391643,1.77382465142535,1.82005045018838,1.833984094767,NA,NA,NA
"year2021_team_TEN",2.03095136298202,2.01657601033153,2.00853746552784,2.04461851072588,2.04990032588944,2.04405256463287,NA,NA,NA
"year2021_team_ARI",2.14287426868502,2.10557954517813,2.08075387544297,2.11385468886543,2.06172965746119,2.03579633300789,NA,NA,NA
"year2021_team_BAL",1.5454997929309,1.50834309285262,1.45652559326339,1.55641442699564,1.53693872792539,1.49777154868796,NA,NA,NA
"year2021_team_CAR",2.34536292348427,2.35157485667348,2.35393154192197,2.3059745680203,2.32646264580389,2.33028280762639,NA,NA,NA
"year2021_team_CHI",2.12019055478229,2.1241229758189,2.13301298552691,2.0316466578866,2.03172838037375,2.03374353937283,NA,NA,NA
"year2021_team_GB",2.09210170627999,2.06686173273711,2.05419948317535,2.09983123999591,2.06770611284261,2.05356873966996,NA,NA,NA
"year2021_team_IND",2.01796343075378,2.02126200281377,2.01562299187742,2.02210170631885,2.03924563911914,2.03536230466823,NA,NA,NA
"year2021_team_LAC",1.97368820918933,1.96007856561522,1.93135474345704,1.91943630729669,1.92181142555412,1.90051806254611,NA,NA,NA
"year2021_team_MIA",1.91988678305984,1.93121508781771,1.92858784734899,1.89018565016926,1.92660554816657,1.93428123918744,NA,NA,NA
"year2021_team_NYJ",1.87212649878436,1.92349263789618,1.94107212674804,1.88595468801509,1.95923997500847,1.98662286543428,NA,NA,NA
"year2021_team_PHI",2.18075776306888,2.22274708139891,2.22797658092139,2.18504499744717,2.25935870451126,2.27574685128294,NA,NA,NA
"year2021_team_SEA",1.6128862114138,1.61407501058986,1.62406547795797,1.63292792233462,1.64439377775083,1.65819683147757,NA,NA,NA
"year2021_team_TB",1.88293306810016,1.90748541725648,1.91288017368634,1.88205052486503,1.91023028204637,1.9171990926824,NA,NA,NA
"year2021_team_WAS",2.34627818996683,2.33410193102341,2.33315809387561,2.31351796856071,2.34740712116118,2.35078209838102,NA,NA,NA
"year2021_team_CLE",2.09047489256338,2.12463721476933,2.12465371563595,2.08105225708132,2.13204535934111,2.14250572554185,NA,NA,NA
"year2021_team_HOU",2.08000026647004,2.14628962005061,2.16621186558993,2.08149793618844,2.16332760988338,2.19117189535983,NA,NA,NA
"year2021_team_JAX",1.8731211538933,1.93098006843443,1.95563892978911,1.86854005513106,1.93386018740742,1.9536780766375,NA,NA,NA
"year2021_team_PIT",1.9213996910281,1.92562737948566,1.94312708926811,1.88848296269899,1.9090274118812,1.92709268102034,NA,NA,NA
"year2022_team_ARI",2.23964859984485,2.30846232541627,2.32858818346734,2.22650901146161,2.29486841012431,2.31635253668336,NA,NA,NA
"year2022_team_ATL",1.89960159587744,1.72341006903499,1.736091665868,1.92074234924051,1.7328154626361,1.74636952427254,NA,NA,NA
"year2022_team_CAR",1.62620738407034,1.58290453177477,1.56998452957455,1.60310193738465,1.55956649907682,1.53758302127207,NA,NA,NA
"year2022_team_CHI",1.59622175307904,1.63866748668349,1.65749164311091,1.56636604041886,1.59964466774278,1.61475229802255,NA,NA,NA
"year2022_team_CIN",1.66497557656986,1.6285089057118,1.61855654081906,1.62483160892851,1.58260065745185,1.56551584352774,NA,NA,NA
"year2022_team_HOU",2.07312347063683,2.04469780399259,2.01407809695832,2.02266825578382,1.97805517790335,1.95204690818901,NA,NA,NA
"year2022_team_IND",2.01556215872521,2.08242635034954,2.11213220270234,1.98300119432346,2.06383462734704,2.09461176395607,NA,NA,NA
"year2022_team_LAC",2.00597959689018,2.01412058224953,2.00677271506437,2.030760950449,2.06285832443601,2.06600009055562,NA,NA,NA
"year2022_team_MIA",2.17229026448143,2.19242369217942,2.20340381994473,2.11344569854454,2.17322944297962,2.19695932202506,NA,NA,NA
"year2022_team_SEA",1.96514564950025,1.97684917094565,1.98015166265658,1.98794802651476,2.01861694068897,2.02611633771577,NA,NA,NA
"year2022_team_TB",2.27604678181478,2.34528471683482,2.3564054094463,2.23952361953264,2.29599605646177,2.30081389618573,NA,NA,NA
"year2022_team_TEN",2.1469786831426,2.01318353791058,1.94152794303473,2.12530916601619,2.01156995368699,1.95385126130924,NA,NA,NA
"year2022_team_WAS",2.10029121911483,2.10995950951533,2.10512279805144,2.04121425222114,2.09904357151158,2.11852563848759,NA,NA,NA
"year2022_team_BAL",1.81180826162343,1.80849644322426,1.80664681111644,1.78142297910658,1.80267647780434,1.81336453468181,NA,NA,NA
"year2022_team_BUF",2.03176351167115,1.9913196643877,1.9641129422727,1.98934074132728,1.96806800156878,1.95057629462294,NA,NA,NA
"year2022_team_DAL",1.53389190395319,1.50380222849992,1.48724725606284,1.53371064690409,1.52125201570201,1.5161072902826,NA,NA,NA
"year2022_team_DET",2.41722579694764,2.47715207063035,2.49231978107278,2.30298308966511,2.34539229278454,2.35158156800372,NA,NA,NA
"year2022_team_GB",1.93609768278935,1.99348626903517,2.01257081140966,1.87310727818386,1.94041116141478,1.96073889632513,NA,NA,NA
"year2022_team_JAX",2.41048020067652,2.35950213516817,2.34453430145518,2.39654834994892,2.33685614065325,2.31380798320833,NA,NA,NA
"year2022_team_KC",1.57855164535678,1.59147788737103,1.60211961543237,1.57854526857147,1.58084473434549,1.58587139713823,NA,NA,NA
"year2022_team_LA",1.78045888038498,1.74048149867929,1.71163252427942,1.77581035009853,1.69690308245321,1.6673058692011,NA,NA,NA
"year2022_team_LV",1.86065364337142,1.84554267657336,1.82089396586898,1.78825603585978,1.7752985445145,1.75284982280867,NA,NA,NA
"year2022_team_NO",1.59266498034073,1.60057557356852,1.60631444195663,1.59794255449452,1.60760310318204,1.61884167348735,NA,NA,NA
"year2022_team_PHI",2.02431802124175,1.99569316610256,1.97377067593442,2.01044917562162,1.9947233710952,1.97417792189593,NA,NA,NA
"year2022_team_PIT",1.82152037122872,1.7910574500507,1.76743163254049,1.80279668124959,1.77739947399254,1.74963453346016,NA,NA,NA
"year2022_team_DEN",1.99292046301186,1.98362589819032,1.97115279009046,2.02286871745516,2.02759490112578,2.01648059764075,NA,NA,NA
"year2022_team_MIN",1.83628729686491,1.86216273268606,1.86176340701882,1.79699433505053,1.8246945835522,1.82023174394872,NA,NA,NA
"year2022_team_NE",1.73935583527609,1.78478133451947,1.79579877030415,1.77536355299627,1.82484231989803,1.83709835484647,NA,NA,NA
"year2022_team_NYJ",2.03809283074964,2.03552761713345,2.02608424841414,2.03376190875086,2.0488241924425,2.04103482617086,NA,NA,NA
"year2022_team_NYG",1.81148219191215,1.82242309585289,1.81353629772129,1.78925046189511,1.8337167336284,1.84377587892489,NA,NA,NA
"year2022_team_SF",1.43964139391535,1.42595545913008,1.42160906820514,1.43728821936093,1.43340459029035,1.43138629766855,NA,NA,NA
"year2023_team_BAL",2.04110202530506,2.02532867559811,2.00576167419584,1.99976199686275,1.98826553321123,1.96761578774481,NA,NA,NA
"year2023_team_CHI",1.90966299997881,1.92039674256423,1.92494075067602,1.9283205450893,1.95946779959574,1.97357684228155,NA,NA,NA
"year2023_team_CLE",1.79590552423421,1.6983741796371,1.68891756567558,1.7652804693179,1.6564523503204,1.64515780466322,NA,NA,NA
"year2023_team_GB",1.99733810203993,2.03540037392712,2.04494388854856,2.01421154905935,2.08993523300383,2.11602938855749,NA,NA,NA
"year2023_team_IND",1.96239823916079,1.92711898484514,1.89312395569851,1.94095016493084,1.92064061520757,1.88994086967136,NA,NA,NA
"year2023_team_KC",1.88441699453728,1.84684541773146,1.8478220198448,1.87625329956743,1.84843869749603,1.84025659389842,NA,NA,NA
"year2023_team_LAC",1.92254347955471,1.97431636633155,1.99103496757694,1.90593258643526,1.94811993509639,1.95459152195903,NA,NA,NA
"year2023_team_LV",2.0673389678429,2.03735923097292,2.01808358756041,2.06321378664427,2.072038497491,2.05979902512492,NA,NA,NA
"year2023_team_MIA",1.91901080089858,1.85861974130156,1.83304507168237,1.84240260072816,1.83128722474829,1.81807465669691,NA,NA,NA
"year2023_team_MIN",2.12673740383119,1.97979099935412,1.91081638880759,2.10157132869047,1.93329243579697,1.85383003258053,NA,NA,NA
"year2023_team_NO",1.76495282419002,1.8245343110076,1.84758032280247,1.73481792672381,1.80002429846046,1.82435234504023,NA,NA,NA
"year2023_team_NYG",2.52698473788012,2.62380252157999,2.6486191552811,2.49821022525582,2.62830289413353,2.67272800048371,NA,NA,NA
"year2023_team_SEA",2.00679447245569,1.97063478418755,1.96651492701373,1.9945137361916,1.98638420994391,1.98683977470842,NA,NA,NA
"year2023_team_SF",1.78292717216339,1.80101397984364,1.79412647123463,1.76679592440577,1.75117480997512,1.72193338769996,NA,NA,NA
"year2023_team_WAS",2.11791879783705,2.06257521469542,2.03143054270824,2.11911380765972,2.07438465763024,2.0362170832554,NA,NA,NA
"year2023_team_ATL",1.80684480752799,1.81583308746278,1.81916971497781,1.7844565230321,1.7967949727634,1.80658589866035,NA,NA,NA
"year2023_team_BUF",1.66001306182597,1.68230751075553,1.68992601111979,1.6194998606362,1.6534950723127,1.66449035288788,NA,NA,NA
"year2023_team_CAR",2.3195216885878,2.31826415923236,2.32700314355454,2.17928592628518,2.22248913590436,2.23750068342622,NA,NA,NA
"year2023_team_DAL",1.81719948373985,1.84156561517056,1.84317904322162,1.84763442660173,1.88117912482607,1.88684999455016,NA,NA,NA
"year2023_team_DEN",1.98557989191767,2.01480672502677,2.03398690810135,1.98245311100247,1.96788737458502,1.96499292828593,NA,NA,NA
"year2023_team_HOU",1.54470066936958,1.52137186338935,1.51710591998874,1.50683904126444,1.52631518307024,1.54230756484513,NA,NA,NA
"year2023_team_LA",1.68641289605172,1.68551874975706,1.6793516429118,1.66890861989533,1.66782948542772,1.65740724968237,NA,NA,NA
"year2023_team_NE",1.78572986239543,1.77474242682571,1.76007596490951,1.77489417260257,1.80180529643885,1.80139199720602,NA,NA,NA
"year2023_team_PHI",1.96588982701877,1.99921244508379,2.00972386674739,1.96538791471693,1.99445718418043,2.00523217055311,NA,NA,NA
"year2023_team_PIT",1.60486915961157,1.6039243825706,1.5945808546472,1.57816474790417,1.60512325996373,1.60755809666898,NA,NA,NA
"year2023_team_TEN",1.67306377515794,1.69916811322072,1.70392542919582,1.66708213451134,1.71752513427364,1.73197432468431,NA,NA,NA
"year2023_team_ARI",1.8490491869032,1.78721298593134,1.76642107219142,1.84325511495102,1.8125335917652,1.80572565938987,NA,NA,NA
"year2023_team_CIN",1.67310550736132,1.67079381537766,1.66746731590327,1.63272397227017,1.65072425738621,1.65527342454201,NA,NA,NA
"year2023_team_DET",2.29502109988393,2.32377317270491,2.3145772830514,2.28852817764717,2.35414620497638,2.36432938410226,NA,NA,NA
"year2023_team_TB",2.04923829318708,2.04665114262844,2.02597642226201,1.97759857283189,1.96535280654357,1.94195265263497,NA,NA,NA
"year2023_team_JAX",1.70000750338664,1.70313205445271,1.70355635563311,1.73632153942494,1.75160099532547,1.75780969188054,NA,NA,NA
"year2023_team_NYJ",1.67030322857681,1.67326748135238,1.66632429113737,1.69180221749972,1.67534914178269,1.66567229364511,NA,NA,NA
"is_first_half",1.31316633870079,1.31425674189055,1.31841142993013,1.34152756383493,1.34826319570465,1.3544246064417,1.24200057395264,NA,NA
"time_in_half",1.91844849532007,1.88791463347603,1.87918504708235,1.95719403660678,1.9216406340347,1.91032067348845,1.86768591836007,NA,NA
"home_attendance",13.8393301775677,13.8660468830827,13.8312272172206,14.0270450876435,14.3792893485634,14.503521754116,1.64921401194215,NA,NA
"GIMR",1.09878964224554,1.10114663728278,1.10415694234027,1.10097367135674,1.10471509875683,1.10818996184729,NA,NA,NA
"QB_present",1.15660936365218,1.00005871348383,1.00000926706448,1.1863790814868,1.00004099247448,1.00000774462709,NA,NA,NA
"RB_present",1.2244238580184,1.22390387026985,1.22851327514726,1.90325709677634,1.88943777624672,1.8945081164095,NA,NA,NA
"WR1_present",2.57308447921691,2.59106354528033,2.62157019040266,5.63154762059555,5.44458189731798,5.36038306135162,NA,NA,NA
"WR2_present",2.63495870681934,2.59002044188028,2.57129558086873,11.5003948376521,11.4178724821285,11.2445134223135,NA,NA,NA
"WR3_present",2.69861834683887,2.70351311679118,2.70127737367882,7.73408408165538,7.83661683424024,7.83386106763885,NA,NA,NA
"QB_grades_pass_12w",3.84387388801764,3.8457743215137,3.85519867473156,1.44515870050133,1.43511409861353,1.44290950399498,3.55268313676793,NA,NA
"RB_grades_run_12w",1.78638953364803,1.79237934823174,1.79959854868058,1.8452039669664,1.84077316267573,1.84620466002556,1.52914802768984,NA,NA
"WR1_grades_offense_12w",2.86677215375319,2.87112246393556,2.88182405739833,4.4712850737287,4.29497086845255,4.18893026887419,2.71274664942947,NA,NA
"WR2_grades_offense_12w",2.98414877345407,2.99801971345152,3.02271525956881,10.46207797026,10.4492221493552,10.3140021609342,2.79729436324303,NA,NA
"WR3_grades_offense_12w",1.83926312183602,1.83420411768246,1.84137297352614,6.17476715979695,6.28134383153024,6.28527340239373,1.67462825089776,NA,NA
"TE1_grades_offense_12w",2.26307809979192,2.24635352147143,2.24586816776783,1.30064213721801,1.28940345501032,1.29031847657578,2.14579541884733,NA,NA
"OL1_grades_offense_12w",2.74758375605842,2.73398104294077,2.73979503959412,1.62260809046801,1.60421313570595,1.60552070863384,2.42639292909316,NA,NA
"OL2_grades_offense_12w",2.81020904125273,2.80979733838757,2.81935145515655,1.43998684979095,1.4208236552217,1.42318080416376,2.5511567114379,NA,NA
"OL3_grades_offense_12w",2.78112203534959,2.78721751961049,2.80088866734357,1.37419765810432,1.36486972061253,1.36844798961129,2.47289146661526,NA,NA
"OL4_grades_offense_12w",2.33453742516174,2.34181539728281,2.35157953281796,1.31659245773642,1.31142899478987,1.31684059863812,2.34778392221557,NA,NA
"OL5_grades_offense_12w",2.36702494240797,2.34707972776607,2.34420684165417,1.25575730346387,1.25244409555827,1.25465984740697,2.17829012528591,NA,NA
"DL2_present",1.46339347239057,1.44097536173497,1.44343384875967,1.69691291087014,1.67106819809263,1.6741724396677,NA,NA,NA
"DL3_present",2.82159340707649,2.83696856423418,2.85534480167068,3.67981977620924,3.6800501090836,3.69226067053355,NA,NA,NA
"DL4_present",3.02527106321526,3.02878732725859,3.03780965990747,4.68350535578769,4.68379581252553,4.69415175028116,NA,NA,NA
"LB3_present",2.99056220322184,2.97682804596847,2.97807703005876,4.48329867305155,4.48416600235237,4.4949362170902,NA,NA,NA
"LB4_present",2.392018988648,2.43374598668378,2.44888156648133,4.17703333592267,4.24091846064849,4.26895808555484,NA,NA,NA
"CB1_present",1.98050993086666,1.99860637584485,2.03375353535234,2.09203719239405,2.10464772128283,2.14651160936752,NA,NA,NA
"CB2_present",1.84699014962176,1.84357186986068,1.8503297228317,2.12157136968133,2.11453129004137,2.11630768077449,NA,NA,NA
"CB3_present",2.2846943189436,2.29219446086321,2.29627432931957,3.55890159610653,3.58764750852501,3.60224944129871,NA,NA,NA
"S1_present",1.2207759198719,1.22407636001319,1.23037410068876,1.25220120535934,1.25229415936101,1.2569630141707,NA,NA,NA
"S2_present",1.51394108024152,1.51898258741915,1.52458591694907,1.83476841711691,1.84183839082498,1.85011749166039,NA,NA,NA
"DL1_grades_stops_12w",1.48334066203601,1.49351857984565,1.50119593803817,1.47195471365686,1.48472824357614,1.49176043350278,1.31235603822419,NA,NA
"DL1_productivity_stops_12w",1.48386317761361,1.48674155663263,1.49280988075039,1.40441533774097,1.41228722545638,1.41852514595212,1.34976492149601,NA,NA
"DL2_grades_stops_12w",1.4259725178496,1.43431371602057,1.43918278481348,1.56357626443875,1.55969715051058,1.56244614923408,1.31884450686279,NA,NA
"DL2_productivity_stops_12w",1.38005755599475,1.38695091229767,1.39204008357331,1.49749542637059,1.50480599449216,1.51216108566435,1.36185490366705,NA,NA
"DL3_grades_stops_12w",1.43681579503775,1.45015583573861,1.46132121572684,2.22058535337058,2.21489559659,2.2204535520287,1.32416554286485,NA,NA
"DL3_productivity_stops_12w",1.42012220345285,1.4259986264155,1.43328105231802,1.8084244655859,1.81269412195097,1.81905926169406,1.33232902682896,NA,NA
"DL4_grades_stops_12w",1.64356040818237,1.65503053674886,1.65760869876509,2.3985707122476,2.41760328514593,2.43402202865996,1.43796522119639,NA,NA
"DL4_productivity_stops_12w",1.50915166473233,1.51443115130137,1.51875750309399,1.8114678096355,1.82242179073537,1.83214727550361,1.36894377547065,NA,NA
"LB1_grades_stops_12w",1.7135608984877,1.72131211025765,1.72672806709581,1.74503078809115,1.76068515878055,1.77052767704195,1.6293660701585,NA,NA
"LB1_zone_stops_12w",1.70154090834492,1.69439748958189,1.6915115646633,1.89106901642633,1.90276868895307,1.91203491445221,1.54516092914663,NA,NA
"LB1_man_stops_12w",1.50319841999036,1.50804247648547,1.51493694335863,1.48556580981563,1.49073574112019,1.49602896712598,1.3324413953526,NA,NA
"LB2_grades_stops_12w",1.8338717898721,1.8391992477918,1.84278563326945,1.90306159479226,1.92862624936017,1.94387226752649,1.58165175064776,NA,NA
"LB2_zone_stops_12w",1.67307665815282,1.68323152910701,1.69061597456146,1.89747995276987,1.91546384108271,1.92782376870277,1.55831694870761,NA,NA
"LB2_man_stops_12w",1.51941050845029,1.52950841324351,1.53672553087028,1.65659467744172,1.67658803564768,1.68746588683122,1.31318773768637,NA,NA
"LB3_grades_stops_12w",1.94003542389329,1.94279260607409,1.94474793120894,2.95803304596389,2.95046552422588,2.95514289455878,1.8664671469304,NA,NA
"LB3_zone_stops_12w",1.82866997720894,1.82654834371206,1.82594369979249,2.16847674824055,2.17566703945232,2.18244416428439,1.69670057666276,NA,NA
"LB3_man_stops_12w",1.54169630660526,1.55725750776488,1.56915581739815,1.67225166915535,1.67908180391061,1.68557743699407,1.37163986061669,NA,NA
"LB4_grades_stops_12w",2.12460445022717,2.13494016724777,2.14324095162186,3.11967662508249,3.12222335809975,3.12656288812915,1.95175086313841,NA,NA
"LB4_zone_stops_12w",1.89919476837969,1.92266093881282,1.93463584180322,2.46496333845369,2.53215839427236,2.57201472607811,1.63393480755994,NA,NA
"LB4_man_stops_12w",1.65870264122055,1.66589583640643,1.67274477011466,1.64946498230727,1.6545489927573,1.65839592382928,1.47507864639209,NA,NA
"CB1_grades_stops_12w",1.42121501813253,1.42361689044289,1.43057949264678,1.52295382263871,1.5343751965509,1.54114842576805,1.38016127862819,NA,NA
"CB1_zone_stops_12w",1.50148019950518,1.51296957246946,1.52115075273105,1.53673439936751,1.53788314700363,1.54246381754188,1.35318567602467,NA,NA
"CB1_man_stops_12w",1.40813154982687,1.42546049437851,1.43542288183794,1.51385188977776,1.5059635776965,1.50374463861495,1.30686832787202,NA,NA
"CB2_grades_stops_12w",1.42525414303377,1.42463660684334,1.42741364970391,1.52726535491258,1.54003228763517,1.54849810779005,1.34465092982136,NA,NA
"CB2_zone_stops_12w",1.48483413911546,1.48360169214038,1.48698185648117,1.58188133132606,1.58789572673089,1.59315739386552,1.32315931743863,NA,NA
"CB2_man_stops_12w",1.4739468761405,1.4922722492717,1.49933519031915,1.49977060268358,1.49808278525625,1.49985665951769,1.30150160499709,NA,NA
"CB3_grades_stops_12w",1.48631477240732,1.49971537200331,1.50796940327795,1.76501994742607,1.76714615837146,1.77067189490434,1.37078527938473,NA,NA
"CB3_zone_stops_12w",1.52531147733513,1.53694290826013,1.54560765772758,2.03486339481281,2.04056767100338,2.04605346157619,1.33606351204392,NA,NA
"CB3_man_stops_12w",1.39363791002507,1.40539854549984,1.41208907333446,1.60357266074787,1.60732569368314,1.61129365480612,1.30012722381284,NA,NA
"S1_grades_stops_12w",1.73345354166162,1.73975851854077,1.74765902974108,1.73833822875052,1.73988832899998,1.73931392391822,1.63936821518326,NA,NA
"S1_zone_stops_12w",1.5800935199857,1.57703294634793,1.57992667257426,1.49617622408014,1.50506984826881,1.51210252982839,1.43344813427649,NA,NA
"S1_man_stops_12w",1.53629729220792,1.54798871360181,1.55700464032647,1.66764258551068,1.66362247589004,1.66454102094373,1.38130506838369,NA,NA
"S2_grades_stops_12w",1.82797520639548,1.82491929909568,1.82992181402618,1.92763680200579,1.94120222996121,1.95266548888561,1.72308216773578,NA,NA
"S2_zone_stops_12w",1.59459616166338,1.59004346879918,1.59068121483214,1.87715684188208,1.86683606313352,1.86798427379191,1.48408514363761,NA,NA
"S2_man_stops_12w",1.57858745131346,1.59039411574467,1.59729361374658,1.60669605307941,1.621415054864,1.63106793093636,1.43073790040703,NA,NA
"S3_grades_stops_12w",1.67112756100164,1.67719822990073,1.67932926283028,2.5200431719834,2.55809898210974,2.58179419002882,1.50956688427434,NA,NA
"S3_zone_stops_12w",1.64148313768387,1.6558030561954,1.66508156731961,2.30310157906284,2.3221895397628,2.33770649626675,1.49611281854067,NA,NA
"S3_man_stops_12w",1.57408332425923,1.58270480896644,1.58828043307642,1.96787420473575,1.98416375370336,1.99376298360659,1.37838819254994,NA,NA
"prev_shotgun_success",NA,NA,NA,NA,NA,NA,2.99553286324278,NA,NA
"prev_singleback_success",NA,NA,NA,NA,NA,NA,2.7509308365834,NA,NA
"prev_empty_success",NA,NA,NA,NA,NA,NA,2.33609810341011,NA,NA
"prev_iform_success",NA,NA,NA,NA,NA,NA,2.04691755450777,NA,NA
"p_player_26_punting_grades_grades_punter_12w",NA,NA,NA,NA,NA,NA,1.0916085225167,NA,NA
"k_player_25_field_goals_grades_grades_fgep_kicker_12w",NA,NA,NA,NA,NA,NA,1.1336453872057,NA,NA
"is_winning",NA,NA,NA,NA,NA,NA,3.63972989041994,NA,NA
"is_losing",NA,NA,NA,NA,NA,NA,3.32950401029358,NA,NA
"winning_score_diff",NA,NA,NA,NA,NA,NA,2.89927048157728,NA,NA
"losing_score_diff",NA,NA,NA,NA,NA,NA,2.93794717032811,NA,NA
"Chuck_Pagano",NA,NA,NA,NA,NA,NA,16.1666945216658,NA,NA
"Bruce_Arians",NA,NA,NA,NA,NA,NA,52.4152025735099,NA,NA
"Sean_McDermott",NA,NA,NA,NA,NA,NA,83.2993529212225,NA,NA
"Ron_Rivera",NA,NA,NA,NA,NA,NA,93.3131273894613,NA,NA
"John_Fox",NA,NA,NA,NA,NA,NA,15.2539762337074,NA,NA
"Dirk_Koetter",NA,NA,NA,NA,NA,NA,24.4180706166696,NA,NA
"Hue_Jackson",NA,NA,NA,NA,NA,NA,23.2317234893894,NA,NA
"John_Harbaugh",NA,NA,NA,NA,NA,NA,91.1791604823526,NA,NA
"Jason_Garrett",NA,NA,NA,NA,NA,NA,38.3217765896309,NA,NA
"Vance_Joseph",NA,NA,NA,NA,NA,NA,31.4213838179585,NA,NA
"Ben_McAdoo",NA,NA,NA,NA,NA,NA,12.6700990158293,NA,NA
"Jim_Caldwell",NA,NA,NA,NA,NA,NA,14.3554049887563,NA,NA
"Mike_McCarthy",NA,NA,NA,NA,NA,NA,72.2788087941138,NA,NA
"Dan_Quinn",NA,NA,NA,NA,NA,NA,40.3815220269382,NA,NA
"Marvin_Lewis",NA,NA,NA,NA,NA,NA,27.9837768004927,NA,NA
"Bill_OBrien",NA,NA,NA,NA,NA,NA,43.4750361697333,NA,NA
"Adam_Gase",NA,NA,NA,NA,NA,NA,57.4785159800785,NA,NA
"Anthony_Lynn",NA,NA,NA,NA,NA,NA,48.8425567288225,NA,NA
"Mike_Zimmer",NA,NA,NA,NA,NA,NA,64.6310779003904,NA,NA
"Mike_Tomlin",NA,NA,NA,NA,NA,NA,91.9885405262673,NA,NA
"Bill_Belichick",NA,NA,NA,NA,NA,NA,91.2182225582955,NA,NA
"Sean_Payton",NA,NA,NA,NA,NA,NA,75.3763843982857,NA,NA
"Jack_Del_Rio",NA,NA,NA,NA,NA,NA,14.7737799074636,NA,NA
"Todd_Bowles",NA,NA,NA,NA,NA,NA,57.9708637145075,NA,NA
"Doug_Pederson",NA,NA,NA,NA,NA,NA,77.8186762183162,NA,NA
"Andy_Reid",NA,NA,NA,NA,NA,NA,73.6723972146949,NA,NA
"Kyle_Shanahan",NA,NA,NA,NA,NA,NA,81.3368348904157,NA,NA
"Pete_Carroll",NA,NA,NA,NA,NA,NA,90.2392896685024,NA,NA
"Mike_Mularkey",NA,NA,NA,NA,NA,NA,15.2022539171579,NA,NA
"Doug_Marrone",NA,NA,NA,NA,NA,NA,57.7581265259942,NA,NA
"Jay_Gruden",NA,NA,NA,NA,NA,NA,33.3639846989116,NA,NA
"Sean_McVay",NA,NA,NA,NA,NA,NA,87.6261647880992,NA,NA
"Steve_Spagnuolo",NA,NA,NA,NA,NA,NA,5.91100851315468,NA,NA
"Steve_Wilks",NA,NA,NA,NA,NA,NA,26.3623851226728,NA,NA
"Matt_Patricia",NA,NA,NA,NA,NA,NA,36.2735811732655,NA,NA
"Mike_Vrabel",NA,NA,NA,NA,NA,NA,74.4737787795495,NA,NA
"Frank_Reich",NA,NA,NA,NA,NA,NA,67.3859585125399,NA,NA
"Pat_Shurmur",NA,NA,NA,NA,NA,NA,27.4353269497627,NA,NA
"Jon_Gruden",NA,NA,NA,NA,NA,NA,42.583090763812,NA,NA
"Matt_Nagy",NA,NA,NA,NA,NA,NA,54.167348374657,NA,NA
"Gregg_Williams",NA,NA,NA,NA,NA,NA,6.29956842283005,NA,NA
"Joe_Philbin",NA,NA,NA,NA,NA,NA,4.78924769313685,NA,NA
"Kliff_Kingsbury",NA,NA,NA,NA,NA,NA,54.1174088764924,NA,NA
"Vic_Fangio",NA,NA,NA,NA,NA,NA,42.8110101276288,NA,NA
"Freddie_Kitchens",NA,NA,NA,NA,NA,NA,14.2996154872035,NA,NA
"Matt_LaFleur",NA,NA,NA,NA,NA,NA,60.3080586301035,NA,NA
"Brian_Flores",NA,NA,NA,NA,NA,NA,43.7376337744541,NA,NA
"Zac_Taylor",NA,NA,NA,NA,NA,NA,65.4374231641219,NA,NA
"Bill_Callahan",NA,NA,NA,NA,NA,NA,10.8460542177073,NA,NA
"Matt_Rhule",NA,NA,NA,NA,NA,NA,32.9239538585068,NA,NA
"Kevin_Stefanski",NA,NA,NA,NA,NA,NA,56.6652522101362,NA,NA
"Joe_Judge",NA,NA,NA,NA,NA,NA,29.7588730097443,NA,NA
"Romeo_Crennel",NA,NA,NA,NA,NA,NA,10.0153488707871,NA,NA
"Raheem_Morris",NA,NA,NA,NA,NA,NA,10.6555508619566,NA,NA
"Darrell_Bevell",NA,NA,NA,NA,NA,NA,7.50739778508374,NA,NA
"Arthur_Smith",NA,NA,NA,NA,NA,NA,38.4440207310323,NA,NA
"Brandon_Staley",NA,NA,NA,NA,NA,NA,41.1618256754223,NA,NA
"Urban_Meyer",NA,NA,NA,NA,NA,NA,12.297335527322,NA,NA
"Dan_Campbell",NA,NA,NA,NA,NA,NA,41.7769860030823,NA,NA
"David_Culley",NA,NA,NA,NA,NA,NA,17.0008052199171,NA,NA
"Robert_Saleh",NA,NA,NA,NA,NA,NA,47.2583654450271,NA,NA
"Nick_Sirianni",NA,NA,NA,NA,NA,NA,37.3732571722981,NA,NA
"Rich_Bisaccia",NA,NA,NA,NA,NA,NA,10.9822862714281,NA,NA
"Josh_McDaniels",NA,NA,NA,NA,NA,NA,20.4585933718912,NA,NA
"Brian_Daboll",NA,NA,NA,NA,NA,NA,31.9835326463331,NA,NA
"Matt_Eberflus",NA,NA,NA,NA,NA,NA,25.9692929640665,NA,NA
"Lovie_Smith",NA,NA,NA,NA,NA,NA,16.7216437423444,NA,NA
"Nathaniel_Hackett",NA,NA,NA,NA,NA,NA,17.0852278962954,NA,NA
"Mike_McDaniel",NA,NA,NA,NA,NA,NA,24.2223332800811,NA,NA
"Kevin_OConnell",NA,NA,NA,NA,NA,NA,26.7375358540129,NA,NA
"Dennis_Allen",NA,NA,NA,NA,NA,NA,27.5304349766344,NA,NA
"Jeff_Saturday",NA,NA,NA,NA,NA,NA,9.21775694260434,NA,NA
"Jay_Rosburg",NA,NA,NA,NA,NA,NA,2.89593159000995,NA,NA
"DeMeco_Ryans",NA,NA,NA,NA,NA,NA,13.2067348410408,NA,NA
"Shane_Steichen",NA,NA,NA,NA,NA,NA,14.3041763984211,NA,NA
"Jonathan_Gannon",NA,NA,NA,NA,NA,NA,13.5424489757258,NA,NA
"Antonio_Pierce",NA,NA,NA,NA,NA,NA,8.34998818056248,NA,NA
"Chris_Tabor",NA,NA,NA,NA,NA,NA,5.00291140408402,NA,NA
